gpu_model,task,model_size,batch_size,image_size,time_type,value
NVIDIA GeForce RTX 3090 Ti,.pt,yolov8n,1,320,ave_time,0.002495617396198213
NVIDIA GeForce RTX 3090 Ti,.pt,yolov8n,1,320,batch_time,0.002495617396198213
NVIDIA GeForce RTX 3090 Ti,.pt,yolov8n,1,640,ave_time,0.003168227197602391
NVIDIA GeForce RTX 3090 Ti,.pt,yolov8n,1,640,batch_time,0.003168227197602391
NVIDIA GeForce RTX 3090 Ti,.pt,yolov8n,1,1088,ave_time,0.005307485605590046
NVIDIA GeForce RTX 3090 Ti,.pt,yolov8n,1,1088,batch_time,0.005307485605590046
NVIDIA GeForce RTX 3090 Ti,.pt,yolov8n,2,320,ave_time,0.0016247343504801393
NVIDIA GeForce RTX 3090 Ti,.pt,yolov8n,2,320,batch_time,0.0032494687009602787
NVIDIA GeForce RTX 3090 Ti,.pt,yolov8n,2,640,ave_time,0.002403569652233273
NVIDIA GeForce RTX 3090 Ti,.pt,yolov8n,2,640,batch_time,0.004807139304466546
NVIDIA GeForce RTX 3090 Ti,.pt,yolov8n,2,1088,ave_time,0.004862659040372819
NVIDIA GeForce RTX 3090 Ti,.pt,yolov8n,2,1088,batch_time,0.009725318080745638
NVIDIA GeForce RTX 3090 Ti,.pt,yolov8n,4,320,ave_time,0.0010663415247108786
NVIDIA GeForce RTX 3090 Ti,.pt,yolov8n,4,320,batch_time,0.004265366098843515
NVIDIA GeForce RTX 3090 Ti,.pt,yolov8n,4,640,ave_time,0.0020834775001276284
NVIDIA GeForce RTX 3090 Ti,.pt,yolov8n,4,640,batch_time,0.008333910000510513
NVIDIA GeForce RTX 3090 Ti,.pt,yolov8n,4,1088,ave_time,0.004583395749796182
NVIDIA GeForce RTX 3090 Ti,.pt,yolov8n,4,1088,batch_time,0.01833358299918473
NVIDIA GeForce RTX 3090 Ti,.pt,yolov8n,8,320,ave_time,0.0008509520615916699
NVIDIA GeForce RTX 3090 Ti,.pt,yolov8n,8,320,batch_time,0.006807616492733359
NVIDIA GeForce RTX 3090 Ti,.pt,yolov8n,8,640,ave_time,0.0019371388742001727
NVIDIA GeForce RTX 3090 Ti,.pt,yolov8n,8,640,batch_time,0.015497110993601381
NVIDIA GeForce RTX 3090 Ti,.pt,yolov8n,8,1088,ave_time,0.005211465514730662
NVIDIA GeForce RTX 3090 Ti,.pt,yolov8n,8,1088,batch_time,0.041691724117845295
NVIDIA GeForce RTX 3090 Ti,.pt,yolov8n,12,320,ave_time,0.0008546691834150503
NVIDIA GeForce RTX 3090 Ti,.pt,yolov8n,12,320,batch_time,0.010256030200980603
NVIDIA GeForce RTX 3090 Ti,.pt,yolov8n,12,640,ave_time,0.0018861324002500623
NVIDIA GeForce RTX 3090 Ti,.pt,yolov8n,12,640,batch_time,0.02263358880300075
NVIDIA GeForce RTX 3090 Ti,.pt,yolov8n,12,1088,ave_time,0.004943709533351163
NVIDIA GeForce RTX 3090 Ti,.pt,yolov8n,12,1088,batch_time,0.059324514400213954
NVIDIA GeForce RTX 3090 Ti,.pt,yolov8n,16,320,ave_time,0.0007840737991500646
NVIDIA GeForce RTX 3090 Ti,.pt,yolov8n,16,320,batch_time,0.012545180786401034
NVIDIA GeForce RTX 3090 Ti,.pt,yolov8n,16,640,ave_time,0.0018164480687119066
NVIDIA GeForce RTX 3090 Ti,.pt,yolov8n,16,640,batch_time,0.029063169099390506
NVIDIA GeForce RTX 3090 Ti,.pt,yolov8n,16,1088,ave_time,0.004592792299808935
NVIDIA GeForce RTX 3090 Ti,.pt,yolov8n,16,1088,batch_time,0.07348467679694295
NVIDIA GeForce RTX 3090 Ti,.pt,yolov8n,20,320,ave_time,0.0007753577700350433
NVIDIA GeForce RTX 3090 Ti,.pt,yolov8n,20,320,batch_time,0.015507155400700866
NVIDIA GeForce RTX 3090 Ti,.pt,yolov8n,20,640,ave_time,0.001835744334384799
NVIDIA GeForce RTX 3090 Ti,.pt,yolov8n,20,640,batch_time,0.03671488668769598
NVIDIA GeForce RTX 3090 Ti,.pt,yolov8n,20,1088,ave_time,0.004553400254808366
NVIDIA GeForce RTX 3090 Ti,.pt,yolov8n,20,1088,batch_time,0.09106800509616733
NVIDIA GeForce RTX 3090 Ti,.pt,yolov8s,1,320,ave_time,0.0025337324943393467
NVIDIA GeForce RTX 3090 Ti,.pt,yolov8s,1,320,batch_time,0.0025337324943393467
NVIDIA GeForce RTX 3090 Ti,.pt,yolov8s,1,640,ave_time,0.003747503599151969
NVIDIA GeForce RTX 3090 Ti,.pt,yolov8s,1,640,batch_time,0.003747503599151969
NVIDIA GeForce RTX 3090 Ti,.pt,yolov8s,1,1088,ave_time,0.0075023822952061895
NVIDIA GeForce RTX 3090 Ti,.pt,yolov8s,1,1088,batch_time,0.0075023822952061895
NVIDIA GeForce RTX 3090 Ti,.pt,yolov8s,2,320,ave_time,0.001711415546014905
NVIDIA GeForce RTX 3090 Ti,.pt,yolov8s,2,320,batch_time,0.00342283109202981
NVIDIA GeForce RTX 3090 Ti,.pt,yolov8s,2,640,ave_time,0.0030565146007575095
NVIDIA GeForce RTX 3090 Ti,.pt,yolov8s,2,640,batch_time,0.006113029201515019
NVIDIA GeForce RTX 3090 Ti,.pt,yolov8s,2,1088,ave_time,0.0070587210590019826
NVIDIA GeForce RTX 3090 Ti,.pt,yolov8s,2,1088,batch_time,0.014117442118003965
NVIDIA GeForce RTX 3090 Ti,.pt,yolov8s,4,320,ave_time,0.0012304598232731224
NVIDIA GeForce RTX 3090 Ti,.pt,yolov8s,4,320,batch_time,0.004921839293092489
NVIDIA GeForce RTX 3090 Ti,.pt,yolov8s,4,640,ave_time,0.0027201649034395816
NVIDIA GeForce RTX 3090 Ti,.pt,yolov8s,4,640,batch_time,0.010880659613758326
NVIDIA GeForce RTX 3090 Ti,.pt,yolov8s,4,1088,ave_time,0.006753974128514528
NVIDIA GeForce RTX 3090 Ti,.pt,yolov8s,4,1088,batch_time,0.027015896514058113
NVIDIA GeForce RTX 3090 Ti,.pt,yolov8s,8,320,ave_time,0.0010408075497252867
NVIDIA GeForce RTX 3090 Ti,.pt,yolov8s,8,320,batch_time,0.008326460397802294
NVIDIA GeForce RTX 3090 Ti,.pt,yolov8s,8,640,ave_time,0.0025845097872661425
NVIDIA GeForce RTX 3090 Ti,.pt,yolov8s,8,640,batch_time,0.02067607829812914
NVIDIA GeForce RTX 3090 Ti,.pt,yolov8s,8,1088,ave_time,0.006582101524691098
NVIDIA GeForce RTX 3090 Ti,.pt,yolov8s,8,1088,batch_time,0.05265681219752878
NVIDIA GeForce RTX 3090 Ti,.pt,yolov8s,12,320,ave_time,0.0009838205995038151
NVIDIA GeForce RTX 3090 Ti,.pt,yolov8s,12,320,batch_time,0.011805847194045782
NVIDIA GeForce RTX 3090 Ti,.pt,yolov8s,12,640,ave_time,0.0026068764583518107
NVIDIA GeForce RTX 3090 Ti,.pt,yolov8s,12,640,batch_time,0.03128251750022173
NVIDIA GeForce RTX 3090 Ti,.pt,yolov8s,12,1088,ave_time,0.006959717142550896
NVIDIA GeForce RTX 3090 Ti,.pt,yolov8s,12,1088,batch_time,0.08351660571061074
NVIDIA GeForce RTX 3090 Ti,.pt,yolov8s,16,320,ave_time,0.0009627307314076461
NVIDIA GeForce RTX 3090 Ti,.pt,yolov8s,16,320,batch_time,0.015403691702522338
NVIDIA GeForce RTX 3090 Ti,.pt,yolov8s,16,640,ave_time,0.002542404312407598
NVIDIA GeForce RTX 3090 Ti,.pt,yolov8s,16,640,batch_time,0.040678468998521566
NVIDIA GeForce RTX 3090 Ti,.pt,yolov8s,16,1088,ave_time,0.0067078361433232205
NVIDIA GeForce RTX 3090 Ti,.pt,yolov8s,16,1088,batch_time,0.10732537829317153
NVIDIA GeForce RTX 3090 Ti,.pt,yolov8s,20,320,ave_time,0.0009563110652379692
NVIDIA GeForce RTX 3090 Ti,.pt,yolov8s,20,320,batch_time,0.019126221304759383
NVIDIA GeForce RTX 3090 Ti,.pt,yolov8s,20,640,ave_time,0.002514515119837597
NVIDIA GeForce RTX 3090 Ti,.pt,yolov8s,20,640,batch_time,0.05029030239675194
NVIDIA GeForce RTX 3090 Ti,.pt,yolov8s,20,1088,ave_time,0.006565092524979263
NVIDIA GeForce RTX 3090 Ti,.pt,yolov8s,20,1088,batch_time,0.13130185049958526
NVIDIA GeForce RTX 3090 Ti,.pt,yolov8m,1,320,ave_time,0.0035289698047563435
NVIDIA GeForce RTX 3090 Ti,.pt,yolov8m,1,320,batch_time,0.0035289698047563435
NVIDIA GeForce RTX 3090 Ti,.pt,yolov8m,1,640,ave_time,0.006485984195023775
NVIDIA GeForce RTX 3090 Ti,.pt,yolov8m,1,640,batch_time,0.006485984195023775
NVIDIA GeForce RTX 3090 Ti,.pt,yolov8m,1,1088,ave_time,0.013318040710873901
NVIDIA GeForce RTX 3090 Ti,.pt,yolov8m,1,1088,batch_time,0.013318040710873901
NVIDIA GeForce RTX 3090 Ti,.pt,yolov8m,2,320,ave_time,0.002583023288752884
NVIDIA GeForce RTX 3090 Ti,.pt,yolov8m,2,320,batch_time,0.005166046577505768
NVIDIA GeForce RTX 3090 Ti,.pt,yolov8m,2,640,ave_time,0.005120394751429558
NVIDIA GeForce RTX 3090 Ti,.pt,yolov8m,2,640,batch_time,0.010240789502859116
NVIDIA GeForce RTX 3090 Ti,.pt,yolov8m,2,1088,ave_time,0.01321812579408288
NVIDIA GeForce RTX 3090 Ti,.pt,yolov8m,2,1088,batch_time,0.02643625158816576
NVIDIA GeForce RTX 3090 Ti,.pt,yolov8m,4,320,ave_time,0.0018369598255958408
NVIDIA GeForce RTX 3090 Ti,.pt,yolov8m,4,320,batch_time,0.007347839302383363
NVIDIA GeForce RTX 3090 Ti,.pt,yolov8m,4,640,ave_time,0.004710668203188106
NVIDIA GeForce RTX 3090 Ti,.pt,yolov8m,4,640,batch_time,0.018842672812752426
NVIDIA GeForce RTX 3090 Ti,.pt,yolov8m,4,1088,ave_time,0.011975496727973222
NVIDIA GeForce RTX 3090 Ti,.pt,yolov8m,4,1088,batch_time,0.04790198691189289
NVIDIA GeForce RTX 3090 Ti,.pt,yolov8m,8,320,ave_time,0.0015702798875281588
NVIDIA GeForce RTX 3090 Ti,.pt,yolov8m,8,320,batch_time,0.01256223910022527
NVIDIA GeForce RTX 3090 Ti,.pt,yolov8m,8,640,ave_time,0.00465182725165505
NVIDIA GeForce RTX 3090 Ti,.pt,yolov8m,8,640,batch_time,0.0372146180132404
NVIDIA GeForce RTX 3090 Ti,.pt,yolov8m,8,1088,ave_time,0.011641656723804772
NVIDIA GeForce RTX 3090 Ti,.pt,yolov8m,8,1088,batch_time,0.09313325379043817
NVIDIA GeForce RTX 3090 Ti,.pt,yolov8m,12,320,ave_time,0.0015701605841362226
NVIDIA GeForce RTX 3090 Ti,.pt,yolov8m,12,320,batch_time,0.018841927009634673
NVIDIA GeForce RTX 3090 Ti,.pt,yolov8m,12,640,ave_time,0.004530068224994466
NVIDIA GeForce RTX 3090 Ti,.pt,yolov8m,12,640,batch_time,0.05436081869993359
NVIDIA GeForce RTX 3090 Ti,.pt,yolov8m,12,1088,ave_time,0.012111146949852507
NVIDIA GeForce RTX 3090 Ti,.pt,yolov8m,12,1088,batch_time,0.14533376339823006
NVIDIA GeForce RTX 3090 Ti,.pt,yolov8m,16,320,ave_time,0.0015190554506261833
NVIDIA GeForce RTX 3090 Ti,.pt,yolov8m,16,320,batch_time,0.024304887210018934
NVIDIA GeForce RTX 3090 Ti,.pt,yolov8m,16,640,ave_time,0.004581415206484962
NVIDIA GeForce RTX 3090 Ti,.pt,yolov8m,16,640,batch_time,0.0733026433037594
NVIDIA GeForce RTX 3090 Ti,.pt,yolov8m,16,1088,ave_time,0.012035858706803992
NVIDIA GeForce RTX 3090 Ti,.pt,yolov8m,16,1088,batch_time,0.19257373930886387
NVIDIA GeForce RTX 3090 Ti,.pt,yolov8m,20,320,ave_time,0.0015029689704533667
NVIDIA GeForce RTX 3090 Ti,.pt,yolov8m,20,320,batch_time,0.030059379409067333
NVIDIA GeForce RTX 3090 Ti,.pt,yolov8m,20,640,ave_time,0.004381941934116185
NVIDIA GeForce RTX 3090 Ti,.pt,yolov8m,20,640,batch_time,0.0876388386823237
NVIDIA GeForce RTX 3090 Ti,.pt,yolov8m,20,1088,ave_time,0.011714575180085377
NVIDIA GeForce RTX 3090 Ti,.pt,yolov8m,20,1088,batch_time,0.23429150360170753
NVIDIA GeForce RTX 3090 Ti,.pt,yolov8l,1,320,ave_time,0.0045674939872697
NVIDIA GeForce RTX 3090 Ti,.pt,yolov8l,1,320,batch_time,0.0045674939872697
NVIDIA GeForce RTX 3090 Ti,.pt,yolov8l,1,640,ave_time,0.008826251211576163
NVIDIA GeForce RTX 3090 Ti,.pt,yolov8l,1,640,batch_time,0.008826251211576163
NVIDIA GeForce RTX 3090 Ti,.pt,yolov8l,1,1088,ave_time,0.021957942401058972
NVIDIA GeForce RTX 3090 Ti,.pt,yolov8l,1,1088,batch_time,0.021957942401058972
NVIDIA GeForce RTX 3090 Ti,.pt,yolov8l,2,320,ave_time,0.0034336789511144163
NVIDIA GeForce RTX 3090 Ti,.pt,yolov8l,2,320,batch_time,0.006867357902228833
NVIDIA GeForce RTX 3090 Ti,.pt,yolov8l,2,640,ave_time,0.007767595746554434
NVIDIA GeForce RTX 3090 Ti,.pt,yolov8l,2,640,batch_time,0.015535191493108868
NVIDIA GeForce RTX 3090 Ti,.pt,yolov8l,2,1088,ave_time,0.02063368639210239
NVIDIA GeForce RTX 3090 Ti,.pt,yolov8l,2,1088,batch_time,0.04126737278420478
NVIDIA GeForce RTX 3090 Ti,.pt,yolov8l,4,320,ave_time,0.0023577050771564243
NVIDIA GeForce RTX 3090 Ti,.pt,yolov8l,4,320,batch_time,0.009430820308625697
NVIDIA GeForce RTX 3090 Ti,.pt,yolov8l,4,640,ave_time,0.00681318657589145
NVIDIA GeForce RTX 3090 Ti,.pt,yolov8l,4,640,batch_time,0.0272527463035658
NVIDIA GeForce RTX 3090 Ti,.pt,yolov8l,4,1088,ave_time,0.018617293873103336
NVIDIA GeForce RTX 3090 Ti,.pt,yolov8l,4,1088,batch_time,0.07446917549241334
NVIDIA GeForce RTX 3090 Ti,.pt,yolov8l,8,320,ave_time,0.0021546195988776163
NVIDIA GeForce RTX 3090 Ti,.pt,yolov8l,8,320,batch_time,0.01723695679102093
NVIDIA GeForce RTX 3090 Ti,.pt,yolov8l,8,640,ave_time,0.0067263086617458615
NVIDIA GeForce RTX 3090 Ti,.pt,yolov8l,8,640,batch_time,0.05381046929396689
NVIDIA GeForce RTX 3090 Ti,.pt,yolov8l,8,1088,ave_time,0.017800083762267604
NVIDIA GeForce RTX 3090 Ti,.pt,yolov8l,8,1088,batch_time,0.14240067009814084
NVIDIA GeForce RTX 3090 Ti,.pt,yolov8l,12,320,ave_time,0.0022401633905246854
NVIDIA GeForce RTX 3090 Ti,.pt,yolov8l,12,320,batch_time,0.026881960686296225
NVIDIA GeForce RTX 3090 Ti,.pt,yolov8l,12,640,ave_time,0.006533662332609917
NVIDIA GeForce RTX 3090 Ti,.pt,yolov8l,12,640,batch_time,0.078403947991319
NVIDIA GeForce RTX 3090 Ti,.pt,yolov8l,12,1088,ave_time,0.017586008490373693
NVIDIA GeForce RTX 3090 Ti,.pt,yolov8l,12,1088,batch_time,0.2110321018844843
NVIDIA GeForce RTX 3090 Ti,.pt,yolov8l,16,320,ave_time,0.00215026381338248
NVIDIA GeForce RTX 3090 Ti,.pt,yolov8l,16,320,batch_time,0.03440422101411968
NVIDIA GeForce RTX 3090 Ti,.pt,yolov8l,16,640,ave_time,0.0065433766751084475
NVIDIA GeForce RTX 3090 Ti,.pt,yolov8l,16,640,batch_time,0.10469402680173516
NVIDIA GeForce RTX 3090 Ti,.pt,yolov8l,16,1088,ave_time,0.01789712052413961
NVIDIA GeForce RTX 3090 Ti,.pt,yolov8l,16,1088,batch_time,0.28635392838623375
NVIDIA GeForce RTX 3090 Ti,.pt,yolov8l,20,320,ave_time,0.002130706384778023
NVIDIA GeForce RTX 3090 Ti,.pt,yolov8l,20,320,batch_time,0.04261412769556046
NVIDIA GeForce RTX 3090 Ti,.pt,yolov8l,20,640,ave_time,0.006481113530462608
NVIDIA GeForce RTX 3090 Ti,.pt,yolov8l,20,640,batch_time,0.12962227060925216
NVIDIA GeForce RTX 3090 Ti,.pt,yolov8l,20,1088,ave_time,0.017789657724788414
NVIDIA GeForce RTX 3090 Ti,.pt,yolov8l,20,1088,batch_time,0.35579315449576826
NVIDIA GeForce RTX 3090 Ti,.pt,yolov8x,1,320,ave_time,0.00604450220707804
NVIDIA GeForce RTX 3090 Ti,.pt,yolov8x,1,320,batch_time,0.00604450220707804
NVIDIA GeForce RTX 3090 Ti,.pt,yolov8x,1,640,ave_time,0.014005064009688794
NVIDIA GeForce RTX 3090 Ti,.pt,yolov8x,1,640,batch_time,0.014005064009688794
NVIDIA GeForce RTX 3090 Ti,.pt,yolov8x,1,1088,ave_time,0.033556989300996064
NVIDIA GeForce RTX 3090 Ti,.pt,yolov8x,1,1088,batch_time,0.033556989300996064
NVIDIA GeForce RTX 3090 Ti,.pt,yolov8x,2,320,ave_time,0.004502580896951258
NVIDIA GeForce RTX 3090 Ti,.pt,yolov8x,2,320,batch_time,0.009005161793902516
NVIDIA GeForce RTX 3090 Ti,.pt,yolov8x,2,640,ave_time,0.01199332675896585
NVIDIA GeForce RTX 3090 Ti,.pt,yolov8x,2,640,batch_time,0.0239866535179317
NVIDIA GeForce RTX 3090 Ti,.pt,yolov8x,2,1088,ave_time,0.029806402698159217
NVIDIA GeForce RTX 3090 Ti,.pt,yolov8x,2,1088,batch_time,0.059612805396318434
NVIDIA GeForce RTX 3090 Ti,.pt,yolov8x,4,320,ave_time,0.0035945754731073975
NVIDIA GeForce RTX 3090 Ti,.pt,yolov8x,4,320,batch_time,0.01437830189242959
NVIDIA GeForce RTX 3090 Ti,.pt,yolov8x,4,640,ave_time,0.011461016075918451
NVIDIA GeForce RTX 3090 Ti,.pt,yolov8x,4,640,batch_time,0.045844064303673805
NVIDIA GeForce RTX 3090 Ti,.pt,yolov8x,4,1088,ave_time,0.032044271397171545
NVIDIA GeForce RTX 3090 Ti,.pt,yolov8x,4,1088,batch_time,0.12817708558868618
NVIDIA GeForce RTX 3090 Ti,.pt,yolov8x,8,320,ave_time,0.003370081237517297
NVIDIA GeForce RTX 3090 Ti,.pt,yolov8x,8,320,batch_time,0.026960649900138377
NVIDIA GeForce RTX 3090 Ti,.pt,yolov8x,8,640,ave_time,0.011286244200891814
NVIDIA GeForce RTX 3090 Ti,.pt,yolov8x,8,640,batch_time,0.09028995360713452
NVIDIA GeForce RTX 3090 Ti,.pt,yolov8x,8,1088,ave_time,0.031123767886310817
NVIDIA GeForce RTX 3090 Ti,.pt,yolov8x,8,1088,batch_time,0.24899014309048653
NVIDIA GeForce RTX 3090 Ti,.pt,yolov8x,12,320,ave_time,0.0035001779751231274
NVIDIA GeForce RTX 3090 Ti,.pt,yolov8x,12,320,batch_time,0.042002135701477525
NVIDIA GeForce RTX 3090 Ti,.pt,yolov8x,12,640,ave_time,0.01083713275923704
NVIDIA GeForce RTX 3090 Ti,.pt,yolov8x,12,640,batch_time,0.1300455931108445
NVIDIA GeForce RTX 3090 Ti,.pt,yolov8x,12,1088,ave_time,0.027808140732425574
NVIDIA GeForce RTX 3090 Ti,.pt,yolov8x,12,1088,batch_time,0.3336976887891069
NVIDIA GeForce RTX 3090 Ti,.pt,yolov8x,16,320,ave_time,0.0032884440370253287
NVIDIA GeForce RTX 3090 Ti,.pt,yolov8x,16,320,batch_time,0.05261510459240526
NVIDIA GeForce RTX 3090 Ti,.pt,yolov8x,16,640,ave_time,0.010214999287563841
NVIDIA GeForce RTX 3090 Ti,.pt,yolov8x,16,640,batch_time,0.16343998860102146
NVIDIA GeForce RTX 3090 Ti,.pt,yolov8x,16,1088,ave_time,0.028189072544046213
NVIDIA GeForce RTX 3090 Ti,.pt,yolov8x,16,1088,batch_time,0.4510251607047394
NVIDIA GeForce RTX 3090 Ti,.pt,yolov8x,20,320,ave_time,0.0032573215395677833
NVIDIA GeForce RTX 3090 Ti,.pt,yolov8x,20,320,batch_time,0.06514643079135567
NVIDIA GeForce RTX 3090 Ti,.pt,yolov8x,20,640,ave_time,0.010063452819595113
NVIDIA GeForce RTX 3090 Ti,.pt,yolov8x,20,640,batch_time,0.20126905639190226
NVIDIA GeForce RTX 3090 Ti,.pt,yolov8x,20,1088,ave_time,0.028389245565049348
NVIDIA GeForce RTX 3090 Ti,.pt,yolov8x,20,1088,batch_time,0.567784911300987
NVIDIA GeForce RTX 3090 Ti,-seg.pt,yolov8n,1,320,ave_time,0.002939339308068156
NVIDIA GeForce RTX 3090 Ti,-seg.pt,yolov8n,1,320,batch_time,0.002939339308068156
NVIDIA GeForce RTX 3090 Ti,-seg.pt,yolov8n,1,640,ave_time,0.0036056376062333583
NVIDIA GeForce RTX 3090 Ti,-seg.pt,yolov8n,1,640,batch_time,0.0036056376062333583
NVIDIA GeForce RTX 3090 Ti,-seg.pt,yolov8n,1,1088,ave_time,0.00603602051269263
NVIDIA GeForce RTX 3090 Ti,-seg.pt,yolov8n,1,1088,batch_time,0.00603602051269263
NVIDIA GeForce RTX 3090 Ti,-seg.pt,yolov8n,2,320,ave_time,0.0018885019468143581
NVIDIA GeForce RTX 3090 Ti,-seg.pt,yolov8n,2,320,batch_time,0.0037770038936287163
NVIDIA GeForce RTX 3090 Ti,-seg.pt,yolov8n,2,640,ave_time,0.00293977385153994
NVIDIA GeForce RTX 3090 Ti,-seg.pt,yolov8n,2,640,batch_time,0.00587954770307988
NVIDIA GeForce RTX 3090 Ti,-seg.pt,yolov8n,2,1088,ave_time,0.0056479006540030244
NVIDIA GeForce RTX 3090 Ti,-seg.pt,yolov8n,2,1088,batch_time,0.011295801308006049
NVIDIA GeForce RTX 3090 Ti,-seg.pt,yolov8n,4,320,ave_time,0.0013369617285206915
NVIDIA GeForce RTX 3090 Ti,-seg.pt,yolov8n,4,320,batch_time,0.005347846914082766
NVIDIA GeForce RTX 3090 Ti,-seg.pt,yolov8n,4,640,ave_time,0.002439264574786648
NVIDIA GeForce RTX 3090 Ti,-seg.pt,yolov8n,4,640,batch_time,0.009757058299146592
NVIDIA GeForce RTX 3090 Ti,-seg.pt,yolov8n,4,1088,ave_time,0.005340368649922311
NVIDIA GeForce RTX 3090 Ti,-seg.pt,yolov8n,4,1088,batch_time,0.021361474599689245
NVIDIA GeForce RTX 3090 Ti,-seg.pt,yolov8n,8,320,ave_time,0.001035819810931571
NVIDIA GeForce RTX 3090 Ti,-seg.pt,yolov8n,8,320,batch_time,0.008286558487452567
NVIDIA GeForce RTX 3090 Ti,-seg.pt,yolov8n,8,640,ave_time,0.0022390290250768885
NVIDIA GeForce RTX 3090 Ti,-seg.pt,yolov8n,8,640,batch_time,0.017912232200615108
NVIDIA GeForce RTX 3090 Ti,-seg.pt,yolov8n,8,1088,ave_time,0.005185735522536561
NVIDIA GeForce RTX 3090 Ti,-seg.pt,yolov8n,8,1088,batch_time,0.04148588418029249
NVIDIA GeForce RTX 3090 Ti,-seg.pt,yolov8n,12,320,ave_time,0.000997422233922407
NVIDIA GeForce RTX 3090 Ti,-seg.pt,yolov8n,12,320,batch_time,0.011969066807068884
NVIDIA GeForce RTX 3090 Ti,-seg.pt,yolov8n,12,640,ave_time,0.002255933766718954
NVIDIA GeForce RTX 3090 Ti,-seg.pt,yolov8n,12,640,batch_time,0.027071205200627446
NVIDIA GeForce RTX 3090 Ti,-seg.pt,yolov8n,12,1088,ave_time,0.005382243175214777
NVIDIA GeForce RTX 3090 Ti,-seg.pt,yolov8n,12,1088,batch_time,0.06458691810257733
NVIDIA GeForce RTX 3090 Ti,-seg.pt,yolov8n,16,320,ave_time,0.0009620808370527812
NVIDIA GeForce RTX 3090 Ti,-seg.pt,yolov8n,16,320,batch_time,0.015393293392844499
NVIDIA GeForce RTX 3090 Ti,-seg.pt,yolov8n,16,640,ave_time,0.0021590004631434566
NVIDIA GeForce RTX 3090 Ti,-seg.pt,yolov8n,16,640,batch_time,0.034544007410295306
NVIDIA GeForce RTX 3090 Ti,-seg.pt,yolov8n,16,1088,ave_time,0.0054048120553488845
NVIDIA GeForce RTX 3090 Ti,-seg.pt,yolov8n,16,1088,batch_time,0.08647699288558215
NVIDIA GeForce RTX 3090 Ti,-seg.pt,yolov8n,20,320,ave_time,0.0009517994301859289
NVIDIA GeForce RTX 3090 Ti,-seg.pt,yolov8n,20,320,batch_time,0.01903598860371858
NVIDIA GeForce RTX 3090 Ti,-seg.pt,yolov8n,20,640,ave_time,0.0021697530848905446
NVIDIA GeForce RTX 3090 Ti,-seg.pt,yolov8n,20,640,batch_time,0.04339506169781089
NVIDIA GeForce RTX 3090 Ti,-seg.pt,yolov8n,20,1088,ave_time,0.005328576185274869
NVIDIA GeForce RTX 3090 Ti,-seg.pt,yolov8n,20,1088,batch_time,0.10657152370549738
NVIDIA GeForce RTX 3090 Ti,-seg.pt,yolov8s,1,320,ave_time,0.0031207466032356023
NVIDIA GeForce RTX 3090 Ti,-seg.pt,yolov8s,1,320,batch_time,0.0031207466032356023
NVIDIA GeForce RTX 3090 Ti,-seg.pt,yolov8s,1,640,ave_time,0.00461136088706553
NVIDIA GeForce RTX 3090 Ti,-seg.pt,yolov8s,1,640,batch_time,0.00461136088706553
NVIDIA GeForce RTX 3090 Ti,-seg.pt,yolov8s,1,1088,ave_time,0.009093419113196433
NVIDIA GeForce RTX 3090 Ti,-seg.pt,yolov8s,1,1088,batch_time,0.009093419113196433
NVIDIA GeForce RTX 3090 Ti,-seg.pt,yolov8s,2,320,ave_time,0.0022305754479020833
NVIDIA GeForce RTX 3090 Ti,-seg.pt,yolov8s,2,320,batch_time,0.004461150895804167
NVIDIA GeForce RTX 3090 Ti,-seg.pt,yolov8s,2,640,ave_time,0.003868090093601495
NVIDIA GeForce RTX 3090 Ti,-seg.pt,yolov8s,2,640,batch_time,0.00773618018720299
NVIDIA GeForce RTX 3090 Ti,-seg.pt,yolov8s,2,1088,ave_time,0.008596728451084345
NVIDIA GeForce RTX 3090 Ti,-seg.pt,yolov8s,2,1088,batch_time,0.01719345690216869
NVIDIA GeForce RTX 3090 Ti,-seg.pt,yolov8s,4,320,ave_time,0.001549045997671783
NVIDIA GeForce RTX 3090 Ti,-seg.pt,yolov8s,4,320,batch_time,0.006196183990687132
NVIDIA GeForce RTX 3090 Ti,-seg.pt,yolov8s,4,640,ave_time,0.003417743422323838
NVIDIA GeForce RTX 3090 Ti,-seg.pt,yolov8s,4,640,batch_time,0.013670973689295351
NVIDIA GeForce RTX 3090 Ti,-seg.pt,yolov8s,4,1088,ave_time,0.008228134422097355
NVIDIA GeForce RTX 3090 Ti,-seg.pt,yolov8s,4,1088,batch_time,0.03291253768838942
NVIDIA GeForce RTX 3090 Ti,-seg.pt,yolov8s,8,320,ave_time,0.0013398065260844306
NVIDIA GeForce RTX 3090 Ti,-seg.pt,yolov8s,8,320,batch_time,0.010718452208675445
NVIDIA GeForce RTX 3090 Ti,-seg.pt,yolov8s,8,640,ave_time,0.0032452469866257163
NVIDIA GeForce RTX 3090 Ti,-seg.pt,yolov8s,8,640,batch_time,0.02596197589300573
NVIDIA GeForce RTX 3090 Ti,-seg.pt,yolov8s,8,1088,ave_time,0.007945302175357938
NVIDIA GeForce RTX 3090 Ti,-seg.pt,yolov8s,8,1088,batch_time,0.0635624174028635
NVIDIA GeForce RTX 3090 Ti,-seg.pt,yolov8s,12,320,ave_time,0.0012765238255572817
NVIDIA GeForce RTX 3090 Ti,-seg.pt,yolov8s,12,320,batch_time,0.015318285906687379
NVIDIA GeForce RTX 3090 Ti,-seg.pt,yolov8s,12,640,ave_time,0.0032604771918461973
NVIDIA GeForce RTX 3090 Ti,-seg.pt,yolov8s,12,640,batch_time,0.039125726302154364
NVIDIA GeForce RTX 3090 Ti,-seg.pt,yolov8s,12,1088,ave_time,0.008266642559707786
NVIDIA GeForce RTX 3090 Ti,-seg.pt,yolov8s,12,1088,batch_time,0.09919971071649343
NVIDIA GeForce RTX 3090 Ti,-seg.pt,yolov8s,16,320,ave_time,0.0012070423632394522
NVIDIA GeForce RTX 3090 Ti,-seg.pt,yolov8s,16,320,batch_time,0.019312677811831234
NVIDIA GeForce RTX 3090 Ti,-seg.pt,yolov8s,16,640,ave_time,0.003189083955658134
NVIDIA GeForce RTX 3090 Ti,-seg.pt,yolov8s,16,640,batch_time,0.05102534329053014
NVIDIA GeForce RTX 3090 Ti,-seg.pt,yolov8s,16,1088,ave_time,0.007987714218324981
NVIDIA GeForce RTX 3090 Ti,-seg.pt,yolov8s,16,1088,batch_time,0.1278034274931997
NVIDIA GeForce RTX 3090 Ti,-seg.pt,yolov8s,20,320,ave_time,0.0012334462255239487
NVIDIA GeForce RTX 3090 Ti,-seg.pt,yolov8s,20,320,batch_time,0.024668924510478973
NVIDIA GeForce RTX 3090 Ti,-seg.pt,yolov8s,20,640,ave_time,0.0031465288798790425
NVIDIA GeForce RTX 3090 Ti,-seg.pt,yolov8s,20,640,batch_time,0.06293057759758085
NVIDIA GeForce RTX 3090 Ti,-seg.pt,yolov8s,20,1088,ave_time,0.007922140459995716
NVIDIA GeForce RTX 3090 Ti,-seg.pt,yolov8s,20,1088,batch_time,0.15844280919991433
NVIDIA GeForce RTX 3090 Ti,-seg.pt,yolov8m,1,320,ave_time,0.004275671602226794
NVIDIA GeForce RTX 3090 Ti,-seg.pt,yolov8m,1,320,batch_time,0.004275671602226794
NVIDIA GeForce RTX 3090 Ti,-seg.pt,yolov8m,1,640,ave_time,0.007806314690969885
NVIDIA GeForce RTX 3090 Ti,-seg.pt,yolov8m,1,640,batch_time,0.007806314690969885
NVIDIA GeForce RTX 3090 Ti,-seg.pt,yolov8m,1,1088,ave_time,0.016340094292536377
NVIDIA GeForce RTX 3090 Ti,-seg.pt,yolov8m,1,1088,batch_time,0.016340094292536377
NVIDIA GeForce RTX 3090 Ti,-seg.pt,yolov8m,2,320,ave_time,0.003166920703370124
NVIDIA GeForce RTX 3090 Ti,-seg.pt,yolov8m,2,320,batch_time,0.006333841406740248
NVIDIA GeForce RTX 3090 Ti,-seg.pt,yolov8m,2,640,ave_time,0.006407137250062078
NVIDIA GeForce RTX 3090 Ti,-seg.pt,yolov8m,2,640,batch_time,0.012814274500124156
NVIDIA GeForce RTX 3090 Ti,-seg.pt,yolov8m,2,1088,ave_time,0.016301842406392097
NVIDIA GeForce RTX 3090 Ti,-seg.pt,yolov8m,2,1088,batch_time,0.032603684812784195
NVIDIA GeForce RTX 3090 Ti,-seg.pt,yolov8m,4,320,ave_time,0.0023294698272366076
NVIDIA GeForce RTX 3090 Ti,-seg.pt,yolov8m,4,320,batch_time,0.00931787930894643
NVIDIA GeForce RTX 3090 Ti,-seg.pt,yolov8m,4,640,ave_time,0.005916875327238813
NVIDIA GeForce RTX 3090 Ti,-seg.pt,yolov8m,4,640,batch_time,0.02366750130895525
NVIDIA GeForce RTX 3090 Ti,-seg.pt,yolov8m,4,1088,ave_time,0.014670447172829882
NVIDIA GeForce RTX 3090 Ti,-seg.pt,yolov8m,4,1088,batch_time,0.05868178869131953
NVIDIA GeForce RTX 3090 Ti,-seg.pt,yolov8m,8,320,ave_time,0.0020351903862319888
NVIDIA GeForce RTX 3090 Ti,-seg.pt,yolov8m,8,320,batch_time,0.01628152308985591
NVIDIA GeForce RTX 3090 Ti,-seg.pt,yolov8m,8,640,ave_time,0.0057680189871462065
NVIDIA GeForce RTX 3090 Ti,-seg.pt,yolov8m,8,640,batch_time,0.04614415189716965
NVIDIA GeForce RTX 3090 Ti,-seg.pt,yolov8m,8,1088,ave_time,0.014349302736809478
NVIDIA GeForce RTX 3090 Ti,-seg.pt,yolov8m,8,1088,batch_time,0.11479442189447582
NVIDIA GeForce RTX 3090 Ti,-seg.pt,yolov8m,12,320,ave_time,0.00199687290781488
NVIDIA GeForce RTX 3090 Ti,-seg.pt,yolov8m,12,320,batch_time,0.023962474893778563
NVIDIA GeForce RTX 3090 Ti,-seg.pt,yolov8m,12,640,ave_time,0.005639987099372471
NVIDIA GeForce RTX 3090 Ti,-seg.pt,yolov8m,12,640,batch_time,0.06767984519246965
NVIDIA GeForce RTX 3090 Ti,-seg.pt,yolov8m,12,1088,ave_time,0.014892905265636122
NVIDIA GeForce RTX 3090 Ti,-seg.pt,yolov8m,12,1088,batch_time,0.17871486318763347
NVIDIA GeForce RTX 3090 Ti,-seg.pt,yolov8m,16,320,ave_time,0.0019359957062988543
NVIDIA GeForce RTX 3090 Ti,-seg.pt,yolov8m,16,320,batch_time,0.03097593130078167
NVIDIA GeForce RTX 3090 Ti,-seg.pt,yolov8m,16,640,ave_time,0.005676195675914641
NVIDIA GeForce RTX 3090 Ti,-seg.pt,yolov8m,16,640,batch_time,0.09081913081463426
NVIDIA GeForce RTX 3090 Ti,-seg.pt,yolov8m,16,1088,ave_time,0.014652627911709714
NVIDIA GeForce RTX 3090 Ti,-seg.pt,yolov8m,16,1088,batch_time,0.23444204658735543
NVIDIA GeForce RTX 3090 Ti,-seg.pt,yolov8m,20,320,ave_time,0.0019194490602239967
NVIDIA GeForce RTX 3090 Ti,-seg.pt,yolov8m,20,320,batch_time,0.038388981204479936
NVIDIA GeForce RTX 3090 Ti,-seg.pt,yolov8m,20,640,ave_time,0.005437539999838918
NVIDIA GeForce RTX 3090 Ti,-seg.pt,yolov8m,20,640,batch_time,0.10875079999677836
NVIDIA GeForce RTX 3090 Ti,-seg.pt,yolov8m,20,1088,ave_time,0.01533481008489616
NVIDIA GeForce RTX 3090 Ti,-seg.pt,yolov8m,20,1088,batch_time,0.3066962016979232
NVIDIA GeForce RTX 3090 Ti,-seg.pt,yolov8l,1,320,ave_time,0.005395265086553991
NVIDIA GeForce RTX 3090 Ti,-seg.pt,yolov8l,1,320,batch_time,0.005395265086553991
NVIDIA GeForce RTX 3090 Ti,-seg.pt,yolov8l,1,640,ave_time,0.010457040509209037
NVIDIA GeForce RTX 3090 Ti,-seg.pt,yolov8l,1,640,batch_time,0.010457040509209037
NVIDIA GeForce RTX 3090 Ti,-seg.pt,yolov8l,1,1088,ave_time,0.025762488413602114
NVIDIA GeForce RTX 3090 Ti,-seg.pt,yolov8l,1,1088,batch_time,0.025762488413602114
NVIDIA GeForce RTX 3090 Ti,-seg.pt,yolov8l,2,320,ave_time,0.00413337794598192
NVIDIA GeForce RTX 3090 Ti,-seg.pt,yolov8l,2,320,batch_time,0.00826675589196384
NVIDIA GeForce RTX 3090 Ti,-seg.pt,yolov8l,2,640,ave_time,0.009247757052071393
NVIDIA GeForce RTX 3090 Ti,-seg.pt,yolov8l,2,640,batch_time,0.018495514104142786
NVIDIA GeForce RTX 3090 Ti,-seg.pt,yolov8l,2,1088,ave_time,0.02441064940067008
NVIDIA GeForce RTX 3090 Ti,-seg.pt,yolov8l,2,1088,batch_time,0.04882129880134016
NVIDIA GeForce RTX 3090 Ti,-seg.pt,yolov8l,4,320,ave_time,0.002871302200946957
NVIDIA GeForce RTX 3090 Ti,-seg.pt,yolov8l,4,320,batch_time,0.011485208803787828
NVIDIA GeForce RTX 3090 Ti,-seg.pt,yolov8l,4,640,ave_time,0.008406921802088619
NVIDIA GeForce RTX 3090 Ti,-seg.pt,yolov8l,4,640,batch_time,0.033627687208354476
NVIDIA GeForce RTX 3090 Ti,-seg.pt,yolov8l,4,1088,ave_time,0.022406031348509714
NVIDIA GeForce RTX 3090 Ti,-seg.pt,yolov8l,4,1088,batch_time,0.08962412539403886
NVIDIA GeForce RTX 3090 Ti,-seg.pt,yolov8l,8,320,ave_time,0.0026453507103724404
NVIDIA GeForce RTX 3090 Ti,-seg.pt,yolov8l,8,320,batch_time,0.021162805682979523
NVIDIA GeForce RTX 3090 Ti,-seg.pt,yolov8l,8,640,ave_time,0.008176443001138978
NVIDIA GeForce RTX 3090 Ti,-seg.pt,yolov8l,8,640,batch_time,0.06541154400911182
NVIDIA GeForce RTX 3090 Ti,-seg.pt,yolov8l,8,1088,ave_time,0.02160833563830238
NVIDIA GeForce RTX 3090 Ti,-seg.pt,yolov8l,8,1088,batch_time,0.17286668510641903
NVIDIA GeForce RTX 3090 Ti,-seg.pt,yolov8l,12,320,ave_time,0.0027243620172763866
NVIDIA GeForce RTX 3090 Ti,-seg.pt,yolov8l,12,320,batch_time,0.032692344207316634
NVIDIA GeForce RTX 3090 Ti,-seg.pt,yolov8l,12,640,ave_time,0.007962272518003981
NVIDIA GeForce RTX 3090 Ti,-seg.pt,yolov8l,12,640,batch_time,0.09554727021604777
NVIDIA GeForce RTX 3090 Ti,-seg.pt,yolov8l,12,1088,ave_time,0.021484727100081123
NVIDIA GeForce RTX 3090 Ti,-seg.pt,yolov8l,12,1088,batch_time,0.25781672520097343
NVIDIA GeForce RTX 3090 Ti,-seg.pt,yolov8l,16,320,ave_time,0.0026237082376610486
NVIDIA GeForce RTX 3090 Ti,-seg.pt,yolov8l,16,320,batch_time,0.04197933180257678
NVIDIA GeForce RTX 3090 Ti,-seg.pt,yolov8l,16,640,ave_time,0.007930424613005017
NVIDIA GeForce RTX 3090 Ti,-seg.pt,yolov8l,16,640,batch_time,0.12688679380808027
NVIDIA GeForce RTX 3090 Ti,-seg.pt,yolov8l,16,1088,ave_time,0.021594430100230967
NVIDIA GeForce RTX 3090 Ti,-seg.pt,yolov8l,16,1088,batch_time,0.3455108816036955
NVIDIA GeForce RTX 3090 Ti,-seg.pt,yolov8l,20,320,ave_time,0.002606644680490717
NVIDIA GeForce RTX 3090 Ti,-seg.pt,yolov8l,20,320,batch_time,0.052132893609814344
NVIDIA GeForce RTX 3090 Ti,-seg.pt,yolov8l,20,640,ave_time,0.007851156535325572
NVIDIA GeForce RTX 3090 Ti,-seg.pt,yolov8l,20,640,batch_time,0.15702313070651144
NVIDIA GeForce RTX 3090 Ti,-seg.pt,yolov8l,20,1088,ave_time,0.021549207415664566
NVIDIA GeForce RTX 3090 Ti,-seg.pt,yolov8l,20,1088,batch_time,0.43098414831329135
NVIDIA GeForce RTX 3090 Ti,-seg.pt,yolov8x,1,320,ave_time,0.007244923687539995
NVIDIA GeForce RTX 3090 Ti,-seg.pt,yolov8x,1,320,batch_time,0.007244923687539995
NVIDIA GeForce RTX 3090 Ti,-seg.pt,yolov8x,1,640,ave_time,0.016655121208168568
NVIDIA GeForce RTX 3090 Ti,-seg.pt,yolov8x,1,640,batch_time,0.016655121208168568
NVIDIA GeForce RTX 3090 Ti,-seg.pt,yolov8x,1,1088,ave_time,0.04001822909340262
NVIDIA GeForce RTX 3090 Ti,-seg.pt,yolov8x,1,1088,batch_time,0.04001822909340262
NVIDIA GeForce RTX 3090 Ti,-seg.pt,yolov8x,2,320,ave_time,0.0054011448519304395
NVIDIA GeForce RTX 3090 Ti,-seg.pt,yolov8x,2,320,batch_time,0.010802289703860879
NVIDIA GeForce RTX 3090 Ti,-seg.pt,yolov8x,2,640,ave_time,0.014359413157217204
NVIDIA GeForce RTX 3090 Ti,-seg.pt,yolov8x,2,640,batch_time,0.02871882631443441
NVIDIA GeForce RTX 3090 Ti,-seg.pt,yolov8x,2,1088,ave_time,0.03805628984700889
NVIDIA GeForce RTX 3090 Ti,-seg.pt,yolov8x,2,1088,batch_time,0.07611257969401777
NVIDIA GeForce RTX 3090 Ti,-seg.pt,yolov8x,4,320,ave_time,0.00456999815069139
NVIDIA GeForce RTX 3090 Ti,-seg.pt,yolov8x,4,320,batch_time,0.01827999260276556
NVIDIA GeForce RTX 3090 Ti,-seg.pt,yolov8x,4,640,ave_time,0.013951905950671062
NVIDIA GeForce RTX 3090 Ti,-seg.pt,yolov8x,4,640,batch_time,0.055807623802684246
NVIDIA GeForce RTX 3090 Ti,-seg.pt,yolov8x,4,1088,ave_time,0.038350347202504055
NVIDIA GeForce RTX 3090 Ti,-seg.pt,yolov8x,4,1088,batch_time,0.15340138881001622
NVIDIA GeForce RTX 3090 Ti,-seg.pt,yolov8x,8,320,ave_time,0.00416579011362046
NVIDIA GeForce RTX 3090 Ti,-seg.pt,yolov8x,8,320,batch_time,0.03332632090896368
NVIDIA GeForce RTX 3090 Ti,-seg.pt,yolov8x,8,640,ave_time,0.013538816972868517
NVIDIA GeForce RTX 3090 Ti,-seg.pt,yolov8x,8,640,batch_time,0.10831053578294814
NVIDIA GeForce RTX 3090 Ti,-seg.pt,yolov8x,8,1088,ave_time,0.037367930464097296
NVIDIA GeForce RTX 3090 Ti,-seg.pt,yolov8x,8,1088,batch_time,0.29894344371277837
NVIDIA GeForce RTX 3090 Ti,-seg.pt,yolov8x,12,320,ave_time,0.004332517566702639
NVIDIA GeForce RTX 3090 Ti,-seg.pt,yolov8x,12,320,batch_time,0.05199021080043167
NVIDIA GeForce RTX 3090 Ti,-seg.pt,yolov8x,12,640,ave_time,0.013081795243003094
NVIDIA GeForce RTX 3090 Ti,-seg.pt,yolov8x,12,640,batch_time,0.15698154291603714
NVIDIA GeForce RTX 3090 Ti,-seg.pt,yolov8x,12,1088,ave_time,0.033898668549954894
NVIDIA GeForce RTX 3090 Ti,-seg.pt,yolov8x,12,1088,batch_time,0.4067840225994587
NVIDIA GeForce RTX 3090 Ti,-seg.pt,yolov8x,16,320,ave_time,0.004040977219119668
NVIDIA GeForce RTX 3090 Ti,-seg.pt,yolov8x,16,320,batch_time,0.06465563550591469
NVIDIA GeForce RTX 3090 Ti,-seg.pt,yolov8x,16,640,ave_time,0.012407939018157777
NVIDIA GeForce RTX 3090 Ti,-seg.pt,yolov8x,16,640,batch_time,0.19852702429052443
NVIDIA GeForce RTX 3090 Ti,-seg.pt,yolov8x,16,1088,ave_time,0.03424044827552279
NVIDIA GeForce RTX 3090 Ti,-seg.pt,yolov8x,16,1088,batch_time,0.5478471724083647
NVIDIA GeForce RTX 3090 Ti,-seg.pt,yolov8x,20,320,ave_time,0.0039729878900106996
NVIDIA GeForce RTX 3090 Ti,-seg.pt,yolov8x,20,320,batch_time,0.079459757800214
NVIDIA GeForce RTX 3090 Ti,-seg.pt,yolov8x,20,640,ave_time,0.012230976504506543
NVIDIA GeForce RTX 3090 Ti,-seg.pt,yolov8x,20,640,batch_time,0.24461953009013088
NVIDIA GeForce RTX 3090 Ti,-seg.pt,yolov8x,20,1088,ave_time,0.03449210859020241
NVIDIA GeForce RTX 3090 Ti,-seg.pt,yolov8x,20,1088,batch_time,0.6898421718040482
NVIDIA GeForce RTX 3090 Ti,-pose.pt,yolov8n,1,320,ave_time,0.0027455230010673404
NVIDIA GeForce RTX 3090 Ti,-pose.pt,yolov8n,1,320,batch_time,0.0027455230010673404
NVIDIA GeForce RTX 3090 Ti,-pose.pt,yolov8n,1,640,ave_time,0.003393346699886024
NVIDIA GeForce RTX 3090 Ti,-pose.pt,yolov8n,1,640,batch_time,0.003393346699886024
NVIDIA GeForce RTX 3090 Ti,-pose.pt,yolov8n,1,1088,ave_time,0.005216830084100366
NVIDIA GeForce RTX 3090 Ti,-pose.pt,yolov8n,1,1088,batch_time,0.005216830084100366
NVIDIA GeForce RTX 3090 Ti,-pose.pt,yolov8n,2,320,ave_time,0.0017327205394394695
NVIDIA GeForce RTX 3090 Ti,-pose.pt,yolov8n,2,320,batch_time,0.003465441078878939
NVIDIA GeForce RTX 3090 Ti,-pose.pt,yolov8n,2,640,ave_time,0.002459446946159005
NVIDIA GeForce RTX 3090 Ti,-pose.pt,yolov8n,2,640,batch_time,0.00491889389231801
NVIDIA GeForce RTX 3090 Ti,-pose.pt,yolov8n,2,1088,ave_time,0.00496332225156948
NVIDIA GeForce RTX 3090 Ti,-pose.pt,yolov8n,2,1088,batch_time,0.00992664450313896
NVIDIA GeForce RTX 3090 Ti,-pose.pt,yolov8n,4,320,ave_time,0.0012316504493355752
NVIDIA GeForce RTX 3090 Ti,-pose.pt,yolov8n,4,320,batch_time,0.004926601797342301
NVIDIA GeForce RTX 3090 Ti,-pose.pt,yolov8n,4,640,ave_time,0.0021012723038438706
NVIDIA GeForce RTX 3090 Ti,-pose.pt,yolov8n,4,640,batch_time,0.008405089215375482
NVIDIA GeForce RTX 3090 Ti,-pose.pt,yolov8n,4,1088,ave_time,0.005029714573174715
NVIDIA GeForce RTX 3090 Ti,-pose.pt,yolov8n,4,1088,batch_time,0.02011885829269886
NVIDIA GeForce RTX 3090 Ti,-pose.pt,yolov8n,8,320,ave_time,0.000879228362464346
NVIDIA GeForce RTX 3090 Ti,-pose.pt,yolov8n,8,320,batch_time,0.007033826899714768
NVIDIA GeForce RTX 3090 Ti,-pose.pt,yolov8n,8,640,ave_time,0.001922319337609224
NVIDIA GeForce RTX 3090 Ti,-pose.pt,yolov8n,8,640,batch_time,0.015378554700873792
NVIDIA GeForce RTX 3090 Ti,-pose.pt,yolov8n,8,1088,ave_time,0.004664042050717398
NVIDIA GeForce RTX 3090 Ti,-pose.pt,yolov8n,8,1088,batch_time,0.03731233640573919
NVIDIA GeForce RTX 3090 Ti,-pose.pt,yolov8n,12,320,ave_time,0.0008456951337090382
NVIDIA GeForce RTX 3090 Ti,-pose.pt,yolov8n,12,320,batch_time,0.010148341604508459
NVIDIA GeForce RTX 3090 Ti,-pose.pt,yolov8n,12,640,ave_time,0.0018805947174162913
NVIDIA GeForce RTX 3090 Ti,-pose.pt,yolov8n,12,640,batch_time,0.022567136608995498
NVIDIA GeForce RTX 3090 Ti,-pose.pt,yolov8n,12,1088,ave_time,0.0044821333586393544
NVIDIA GeForce RTX 3090 Ti,-pose.pt,yolov8n,12,1088,batch_time,0.05378560030367226
NVIDIA GeForce RTX 3090 Ti,-pose.pt,yolov8n,16,320,ave_time,0.0007913875379017554
NVIDIA GeForce RTX 3090 Ti,-pose.pt,yolov8n,16,320,batch_time,0.012662200606428087
NVIDIA GeForce RTX 3090 Ti,-pose.pt,yolov8n,16,640,ave_time,0.0019078041004831903
NVIDIA GeForce RTX 3090 Ti,-pose.pt,yolov8n,16,640,batch_time,0.030524865607731044
NVIDIA GeForce RTX 3090 Ti,-pose.pt,yolov8n,16,1088,ave_time,0.004776628938270733
NVIDIA GeForce RTX 3090 Ti,-pose.pt,yolov8n,16,1088,batch_time,0.07642606301233172
NVIDIA GeForce RTX 3090 Ti,-pose.pt,yolov8n,20,320,ave_time,0.0008844011952169239
NVIDIA GeForce RTX 3090 Ti,-pose.pt,yolov8n,20,320,batch_time,0.01768802390433848
NVIDIA GeForce RTX 3090 Ti,-pose.pt,yolov8n,20,640,ave_time,0.0018648115254472943
NVIDIA GeForce RTX 3090 Ti,-pose.pt,yolov8n,20,640,batch_time,0.037296230508945885
NVIDIA GeForce RTX 3090 Ti,-pose.pt,yolov8n,20,1088,ave_time,0.004796341905603185
NVIDIA GeForce RTX 3090 Ti,-pose.pt,yolov8n,20,1088,batch_time,0.0959268381120637
NVIDIA GeForce RTX 3090 Ti,-pose.pt,yolov8s,1,320,ave_time,0.003343408601358533
NVIDIA GeForce RTX 3090 Ti,-pose.pt,yolov8s,1,320,batch_time,0.003343408601358533
NVIDIA GeForce RTX 3090 Ti,-pose.pt,yolov8s,1,640,ave_time,0.004163141991011798
NVIDIA GeForce RTX 3090 Ti,-pose.pt,yolov8s,1,640,batch_time,0.004163141991011798
NVIDIA GeForce RTX 3090 Ti,-pose.pt,yolov8s,1,1088,ave_time,0.007952786888927222
NVIDIA GeForce RTX 3090 Ti,-pose.pt,yolov8s,1,1088,batch_time,0.007952786888927222
NVIDIA GeForce RTX 3090 Ti,-pose.pt,yolov8s,2,320,ave_time,0.0020034114946611225
NVIDIA GeForce RTX 3090 Ti,-pose.pt,yolov8s,2,320,batch_time,0.004006822989322245
NVIDIA GeForce RTX 3090 Ti,-pose.pt,yolov8s,2,640,ave_time,0.0033295057946816087
NVIDIA GeForce RTX 3090 Ti,-pose.pt,yolov8s,2,640,batch_time,0.006659011589363217
NVIDIA GeForce RTX 3090 Ti,-pose.pt,yolov8s,2,1088,ave_time,0.007563389744609595
NVIDIA GeForce RTX 3090 Ti,-pose.pt,yolov8s,2,1088,batch_time,0.01512677948921919
NVIDIA GeForce RTX 3090 Ti,-pose.pt,yolov8s,4,320,ave_time,0.001366427750326693
NVIDIA GeForce RTX 3090 Ti,-pose.pt,yolov8s,4,320,batch_time,0.005465711001306772
NVIDIA GeForce RTX 3090 Ti,-pose.pt,yolov8s,4,640,ave_time,0.002919288497650996
NVIDIA GeForce RTX 3090 Ti,-pose.pt,yolov8s,4,640,batch_time,0.011677153990603983
NVIDIA GeForce RTX 3090 Ti,-pose.pt,yolov8s,4,1088,ave_time,0.007144866976886988
NVIDIA GeForce RTX 3090 Ti,-pose.pt,yolov8s,4,1088,batch_time,0.02857946790754795
NVIDIA GeForce RTX 3090 Ti,-pose.pt,yolov8s,8,320,ave_time,0.001332000974798575
NVIDIA GeForce RTX 3090 Ti,-pose.pt,yolov8s,8,320,batch_time,0.0106560077983886
NVIDIA GeForce RTX 3090 Ti,-pose.pt,yolov8s,8,640,ave_time,0.002799727988895029
NVIDIA GeForce RTX 3090 Ti,-pose.pt,yolov8s,8,640,batch_time,0.02239782391116023
NVIDIA GeForce RTX 3090 Ti,-pose.pt,yolov8s,8,1088,ave_time,0.0067928245611255985
NVIDIA GeForce RTX 3090 Ti,-pose.pt,yolov8s,8,1088,batch_time,0.05434259648900479
NVIDIA GeForce RTX 3090 Ti,-pose.pt,yolov8s,12,320,ave_time,0.0010731465590652078
NVIDIA GeForce RTX 3090 Ti,-pose.pt,yolov8s,12,320,batch_time,0.012877758708782494
NVIDIA GeForce RTX 3090 Ti,-pose.pt,yolov8s,12,640,ave_time,0.0027532561235905934
NVIDIA GeForce RTX 3090 Ti,-pose.pt,yolov8s,12,640,batch_time,0.03303907348308712
NVIDIA GeForce RTX 3090 Ti,-pose.pt,yolov8s,12,1088,ave_time,0.006669745883361127
NVIDIA GeForce RTX 3090 Ti,-pose.pt,yolov8s,12,1088,batch_time,0.08003695060033351
NVIDIA GeForce RTX 3090 Ti,-pose.pt,yolov8s,16,320,ave_time,0.0010691634495742619
NVIDIA GeForce RTX 3090 Ti,-pose.pt,yolov8s,16,320,batch_time,0.01710661519318819
NVIDIA GeForce RTX 3090 Ti,-pose.pt,yolov8s,16,640,ave_time,0.002709612931357697
NVIDIA GeForce RTX 3090 Ti,-pose.pt,yolov8s,16,640,batch_time,0.04335380690172315
NVIDIA GeForce RTX 3090 Ti,-pose.pt,yolov8s,16,1088,ave_time,0.006850681587820873
NVIDIA GeForce RTX 3090 Ti,-pose.pt,yolov8s,16,1088,batch_time,0.10961090540513396
NVIDIA GeForce RTX 3090 Ti,-pose.pt,yolov8s,20,320,ave_time,0.001027347354684025
NVIDIA GeForce RTX 3090 Ti,-pose.pt,yolov8s,20,320,batch_time,0.0205469470936805
NVIDIA GeForce RTX 3090 Ti,-pose.pt,yolov8s,20,640,ave_time,0.0026324365800246595
NVIDIA GeForce RTX 3090 Ti,-pose.pt,yolov8s,20,640,batch_time,0.052648731600493194
NVIDIA GeForce RTX 3090 Ti,-pose.pt,yolov8s,20,1088,ave_time,0.006804616914596409
NVIDIA GeForce RTX 3090 Ti,-pose.pt,yolov8s,20,1088,batch_time,0.13609233829192818
NVIDIA GeForce RTX 3090 Ti,-pose.pt,yolov8m,1,320,ave_time,0.003917333716526627
NVIDIA GeForce RTX 3090 Ti,-pose.pt,yolov8m,1,320,batch_time,0.003917333716526627
NVIDIA GeForce RTX 3090 Ti,-pose.pt,yolov8m,1,640,ave_time,0.008412865991704165
NVIDIA GeForce RTX 3090 Ti,-pose.pt,yolov8m,1,640,batch_time,0.008412865991704165
NVIDIA GeForce RTX 3090 Ti,-pose.pt,yolov8m,1,1088,ave_time,0.014164972491562367
NVIDIA GeForce RTX 3090 Ti,-pose.pt,yolov8m,1,1088,batch_time,0.014164972491562367
NVIDIA GeForce RTX 3090 Ti,-pose.pt,yolov8m,2,320,ave_time,0.002842883951961994
NVIDIA GeForce RTX 3090 Ti,-pose.pt,yolov8m,2,320,batch_time,0.005685767903923988
NVIDIA GeForce RTX 3090 Ti,-pose.pt,yolov8m,2,640,ave_time,0.005438657500781119
NVIDIA GeForce RTX 3090 Ti,-pose.pt,yolov8m,2,640,batch_time,0.010877315001562238
NVIDIA GeForce RTX 3090 Ti,-pose.pt,yolov8m,2,1088,ave_time,0.013498783553950488
NVIDIA GeForce RTX 3090 Ti,-pose.pt,yolov8m,2,1088,batch_time,0.026997567107900976
NVIDIA GeForce RTX 3090 Ti,-pose.pt,yolov8m,4,320,ave_time,0.0020131053461227566
NVIDIA GeForce RTX 3090 Ti,-pose.pt,yolov8m,4,320,batch_time,0.008052421384491026
NVIDIA GeForce RTX 3090 Ti,-pose.pt,yolov8m,4,640,ave_time,0.0049992332002148036
NVIDIA GeForce RTX 3090 Ti,-pose.pt,yolov8m,4,640,batch_time,0.019996932800859214
NVIDIA GeForce RTX 3090 Ti,-pose.pt,yolov8m,4,1088,ave_time,0.01235139132477343
NVIDIA GeForce RTX 3090 Ti,-pose.pt,yolov8m,4,1088,batch_time,0.04940556529909372
NVIDIA GeForce RTX 3090 Ti,-pose.pt,yolov8m,8,320,ave_time,0.0017136016016593204
NVIDIA GeForce RTX 3090 Ti,-pose.pt,yolov8m,8,320,batch_time,0.013708812813274563
NVIDIA GeForce RTX 3090 Ti,-pose.pt,yolov8m,8,640,ave_time,0.0048260094481520355
NVIDIA GeForce RTX 3090 Ti,-pose.pt,yolov8m,8,640,batch_time,0.038608075585216284
NVIDIA GeForce RTX 3090 Ti,-pose.pt,yolov8m,8,1088,ave_time,0.011988383624702692
NVIDIA GeForce RTX 3090 Ti,-pose.pt,yolov8m,8,1088,batch_time,0.09590706899762154
NVIDIA GeForce RTX 3090 Ti,-pose.pt,yolov8m,12,320,ave_time,0.0016658954652181517
NVIDIA GeForce RTX 3090 Ti,-pose.pt,yolov8m,12,320,batch_time,0.01999074558261782
NVIDIA GeForce RTX 3090 Ti,-pose.pt,yolov8m,12,640,ave_time,0.004694186793252205
NVIDIA GeForce RTX 3090 Ti,-pose.pt,yolov8m,12,640,batch_time,0.05633024151902646
NVIDIA GeForce RTX 3090 Ti,-pose.pt,yolov8m,12,1088,ave_time,0.01198885045790424
NVIDIA GeForce RTX 3090 Ti,-pose.pt,yolov8m,12,1088,batch_time,0.14386620549485088
NVIDIA GeForce RTX 3090 Ti,-pose.pt,yolov8m,16,320,ave_time,0.001589830531156622
NVIDIA GeForce RTX 3090 Ti,-pose.pt,yolov8m,16,320,batch_time,0.02543728849850595
NVIDIA GeForce RTX 3090 Ti,-pose.pt,yolov8m,16,640,ave_time,0.00470778898888966
NVIDIA GeForce RTX 3090 Ti,-pose.pt,yolov8m,16,640,batch_time,0.07532462382223457
NVIDIA GeForce RTX 3090 Ti,-pose.pt,yolov8m,16,1088,ave_time,0.012107199519232382
NVIDIA GeForce RTX 3090 Ti,-pose.pt,yolov8m,16,1088,batch_time,0.1937151923077181
NVIDIA GeForce RTX 3090 Ti,-pose.pt,yolov8m,20,320,ave_time,0.0015606842294801026
NVIDIA GeForce RTX 3090 Ti,-pose.pt,yolov8m,20,320,batch_time,0.031213684589602053
NVIDIA GeForce RTX 3090 Ti,-pose.pt,yolov8m,20,640,ave_time,0.00452674794010818
NVIDIA GeForce RTX 3090 Ti,-pose.pt,yolov8m,20,640,batch_time,0.0905349588021636
NVIDIA GeForce RTX 3090 Ti,-pose.pt,yolov8m,20,1088,ave_time,0.011993751829722895
NVIDIA GeForce RTX 3090 Ti,-pose.pt,yolov8m,20,1088,batch_time,0.2398750365944579
NVIDIA GeForce RTX 3090 Ti,-pose.pt,yolov8l,1,320,ave_time,0.005026963516138494
NVIDIA GeForce RTX 3090 Ti,-pose.pt,yolov8l,1,320,batch_time,0.005026963516138494
NVIDIA GeForce RTX 3090 Ti,-pose.pt,yolov8l,1,640,ave_time,0.009107938199304045
NVIDIA GeForce RTX 3090 Ti,-pose.pt,yolov8l,1,640,batch_time,0.009107938199304045
NVIDIA GeForce RTX 3090 Ti,-pose.pt,yolov8l,1,1088,ave_time,0.022250038990750908
NVIDIA GeForce RTX 3090 Ti,-pose.pt,yolov8l,1,1088,batch_time,0.022250038990750908
NVIDIA GeForce RTX 3090 Ti,-pose.pt,yolov8l,2,320,ave_time,0.0036162451491691173
NVIDIA GeForce RTX 3090 Ti,-pose.pt,yolov8l,2,320,batch_time,0.007232490298338235
NVIDIA GeForce RTX 3090 Ti,-pose.pt,yolov8l,2,640,ave_time,0.007815400301478804
NVIDIA GeForce RTX 3090 Ti,-pose.pt,yolov8l,2,640,batch_time,0.015630800602957608
NVIDIA GeForce RTX 3090 Ti,-pose.pt,yolov8l,2,1088,ave_time,0.021020283398684114
NVIDIA GeForce RTX 3090 Ti,-pose.pt,yolov8l,2,1088,batch_time,0.04204056679736823
NVIDIA GeForce RTX 3090 Ti,-pose.pt,yolov8l,4,320,ave_time,0.002463403175352141
NVIDIA GeForce RTX 3090 Ti,-pose.pt,yolov8l,4,320,batch_time,0.009853612701408564
NVIDIA GeForce RTX 3090 Ti,-pose.pt,yolov8l,4,640,ave_time,0.0069967829738743605
NVIDIA GeForce RTX 3090 Ti,-pose.pt,yolov8l,4,640,batch_time,0.027987131895497442
NVIDIA GeForce RTX 3090 Ti,-pose.pt,yolov8l,4,1088,ave_time,0.019039861153578384
NVIDIA GeForce RTX 3090 Ti,-pose.pt,yolov8l,4,1088,batch_time,0.07615944461431354
NVIDIA GeForce RTX 3090 Ti,-pose.pt,yolov8l,8,320,ave_time,0.002259865586529486
NVIDIA GeForce RTX 3090 Ti,-pose.pt,yolov8l,8,320,batch_time,0.018078924692235886
NVIDIA GeForce RTX 3090 Ti,-pose.pt,yolov8l,8,640,ave_time,0.006884188725962304
NVIDIA GeForce RTX 3090 Ti,-pose.pt,yolov8l,8,640,batch_time,0.05507350980769843
NVIDIA GeForce RTX 3090 Ti,-pose.pt,yolov8l,8,1088,ave_time,0.0182209849008359
NVIDIA GeForce RTX 3090 Ti,-pose.pt,yolov8l,8,1088,batch_time,0.1457678792066872
NVIDIA GeForce RTX 3090 Ti,-pose.pt,yolov8l,12,320,ave_time,0.0023049649588453274
NVIDIA GeForce RTX 3090 Ti,-pose.pt,yolov8l,12,320,batch_time,0.02765957950614393
NVIDIA GeForce RTX 3090 Ti,-pose.pt,yolov8l,12,640,ave_time,0.006681164583036055
NVIDIA GeForce RTX 3090 Ti,-pose.pt,yolov8l,12,640,batch_time,0.08017397499643267
NVIDIA GeForce RTX 3090 Ti,-pose.pt,yolov8l,12,1088,ave_time,0.017649016201418514
NVIDIA GeForce RTX 3090 Ti,-pose.pt,yolov8l,12,1088,batch_time,0.21178819441702218
NVIDIA GeForce RTX 3090 Ti,-pose.pt,yolov8l,16,320,ave_time,0.0022245046129683033
NVIDIA GeForce RTX 3090 Ti,-pose.pt,yolov8l,16,320,batch_time,0.03559207380749285
NVIDIA GeForce RTX 3090 Ti,-pose.pt,yolov8l,16,640,ave_time,0.0066779072934878055
NVIDIA GeForce RTX 3090 Ti,-pose.pt,yolov8l,16,640,batch_time,0.10684651669580489
NVIDIA GeForce RTX 3090 Ti,-pose.pt,yolov8l,16,1088,ave_time,0.018233518817578443
NVIDIA GeForce RTX 3090 Ti,-pose.pt,yolov8l,16,1088,batch_time,0.2917363010812551
NVIDIA GeForce RTX 3090 Ti,-pose.pt,yolov8l,20,320,ave_time,0.0021753529144916683
NVIDIA GeForce RTX 3090 Ti,-pose.pt,yolov8l,20,320,batch_time,0.04350705828983337
NVIDIA GeForce RTX 3090 Ti,-pose.pt,yolov8l,20,640,ave_time,0.0065964643855113535
NVIDIA GeForce RTX 3090 Ti,-pose.pt,yolov8l,20,640,batch_time,0.13192928771022708
NVIDIA GeForce RTX 3090 Ti,-pose.pt,yolov8l,20,1088,ave_time,0.018131190964486447
NVIDIA GeForce RTX 3090 Ti,-pose.pt,yolov8l,20,1088,batch_time,0.362623819289729
NVIDIA GeForce RTX 3090 Ti,-pose.pt,yolov8x,1,320,ave_time,0.006402397900819779
NVIDIA GeForce RTX 3090 Ti,-pose.pt,yolov8x,1,320,batch_time,0.006402397900819779
NVIDIA GeForce RTX 3090 Ti,-pose.pt,yolov8x,1,640,ave_time,0.014396196603775025
NVIDIA GeForce RTX 3090 Ti,-pose.pt,yolov8x,1,640,batch_time,0.014396196603775025
NVIDIA GeForce RTX 3090 Ti,-pose.pt,yolov8x,1,1088,ave_time,0.03463763510808349
NVIDIA GeForce RTX 3090 Ti,-pose.pt,yolov8x,1,1088,batch_time,0.03463763510808349
NVIDIA GeForce RTX 3090 Ti,-pose.pt,yolov8x,2,320,ave_time,0.004701665102038533
NVIDIA GeForce RTX 3090 Ti,-pose.pt,yolov8x,2,320,batch_time,0.009403330204077066
NVIDIA GeForce RTX 3090 Ti,-pose.pt,yolov8x,2,640,ave_time,0.012289794953539967
NVIDIA GeForce RTX 3090 Ti,-pose.pt,yolov8x,2,640,batch_time,0.024579589907079934
NVIDIA GeForce RTX 3090 Ti,-pose.pt,yolov8x,2,1088,ave_time,0.030807595292571932
NVIDIA GeForce RTX 3090 Ti,-pose.pt,yolov8x,2,1088,batch_time,0.061615190585143864
NVIDIA GeForce RTX 3090 Ti,-pose.pt,yolov8x,4,320,ave_time,0.004139578802278265
NVIDIA GeForce RTX 3090 Ti,-pose.pt,yolov8x,4,320,batch_time,0.01655831520911306
NVIDIA GeForce RTX 3090 Ti,-pose.pt,yolov8x,4,640,ave_time,0.011712446500314399
NVIDIA GeForce RTX 3090 Ti,-pose.pt,yolov8x,4,640,batch_time,0.046849786001257596
NVIDIA GeForce RTX 3090 Ti,-pose.pt,yolov8x,4,1088,ave_time,0.032875256199622525
NVIDIA GeForce RTX 3090 Ti,-pose.pt,yolov8x,4,1088,batch_time,0.1315010247984901
NVIDIA GeForce RTX 3090 Ti,-pose.pt,yolov8x,8,320,ave_time,0.003475953187444247
NVIDIA GeForce RTX 3090 Ti,-pose.pt,yolov8x,8,320,batch_time,0.027807625499553977
NVIDIA GeForce RTX 3090 Ti,-pose.pt,yolov8x,8,640,ave_time,0.01152143576182425
NVIDIA GeForce RTX 3090 Ti,-pose.pt,yolov8x,8,640,batch_time,0.092171486094594
NVIDIA GeForce RTX 3090 Ti,-pose.pt,yolov8x,8,1088,ave_time,0.03187971237639431
NVIDIA GeForce RTX 3090 Ti,-pose.pt,yolov8x,8,1088,batch_time,0.2550376990111545
NVIDIA GeForce RTX 3090 Ti,-pose.pt,yolov8x,12,320,ave_time,0.003623366185153524
NVIDIA GeForce RTX 3090 Ti,-pose.pt,yolov8x,12,320,batch_time,0.043480394221842286
NVIDIA GeForce RTX 3090 Ti,-pose.pt,yolov8x,12,640,ave_time,0.011078336208205048
NVIDIA GeForce RTX 3090 Ti,-pose.pt,yolov8x,12,640,batch_time,0.1329400344984606
NVIDIA GeForce RTX 3090 Ti,-pose.pt,yolov8x,12,1088,ave_time,0.028483051125658677
NVIDIA GeForce RTX 3090 Ti,-pose.pt,yolov8x,12,1088,batch_time,0.34179661350790413
NVIDIA GeForce RTX 3090 Ti,-pose.pt,yolov8x,16,320,ave_time,0.0034121106131351554
NVIDIA GeForce RTX 3090 Ti,-pose.pt,yolov8x,16,320,batch_time,0.054593769810162486
NVIDIA GeForce RTX 3090 Ti,-pose.pt,yolov8x,16,640,ave_time,0.010429456012207083
NVIDIA GeForce RTX 3090 Ti,-pose.pt,yolov8x,16,640,batch_time,0.16687129619531332
NVIDIA GeForce RTX 3090 Ti,-pose.pt,yolov8x,16,1088,ave_time,0.028849616268416867
NVIDIA GeForce RTX 3090 Ti,-pose.pt,yolov8x,16,1088,batch_time,0.46159386029466987
NVIDIA GeForce RTX 3090 Ti,-pose.pt,yolov8x,20,320,ave_time,0.003337963609956205
NVIDIA GeForce RTX 3090 Ti,-pose.pt,yolov8x,20,320,batch_time,0.0667592721991241
NVIDIA GeForce RTX 3090 Ti,-pose.pt,yolov8x,20,640,ave_time,0.010278935513924807
NVIDIA GeForce RTX 3090 Ti,-pose.pt,yolov8x,20,640,batch_time,0.20557871027849614
NVIDIA GeForce RTX 3090 Ti,-pose.pt,yolov8x,20,1088,ave_time,0.029064016474876553
NVIDIA GeForce RTX 3090 Ti,-pose.pt,yolov8x,20,1088,batch_time,0.5812803294975311
NVIDIA GeForce RTX 3090 Ti,-obb.pt,yolov8n,1,320,ave_time,0.0023635969031602145
NVIDIA GeForce RTX 3090 Ti,-obb.pt,yolov8n,1,320,batch_time,0.0023635969031602145
NVIDIA GeForce RTX 3090 Ti,-obb.pt,yolov8n,1,640,ave_time,0.0035706932889297605
NVIDIA GeForce RTX 3090 Ti,-obb.pt,yolov8n,1,640,batch_time,0.0035706932889297605
NVIDIA GeForce RTX 3090 Ti,-obb.pt,yolov8n,1,1088,ave_time,0.005290655395947396
NVIDIA GeForce RTX 3090 Ti,-obb.pt,yolov8n,1,1088,batch_time,0.005290655395947396
NVIDIA GeForce RTX 3090 Ti,-obb.pt,yolov8n,2,320,ave_time,0.0013917310046963395
NVIDIA GeForce RTX 3090 Ti,-obb.pt,yolov8n,2,320,batch_time,0.002783462009392679
NVIDIA GeForce RTX 3090 Ti,-obb.pt,yolov8n,2,640,ave_time,0.0025023319525644184
NVIDIA GeForce RTX 3090 Ti,-obb.pt,yolov8n,2,640,batch_time,0.005004663905128837
NVIDIA GeForce RTX 3090 Ti,-obb.pt,yolov8n,2,1088,ave_time,0.005047255102545023
NVIDIA GeForce RTX 3090 Ti,-obb.pt,yolov8n,2,1088,batch_time,0.010094510205090047
NVIDIA GeForce RTX 3090 Ti,-obb.pt,yolov8n,4,320,ave_time,0.0008261432987637818
NVIDIA GeForce RTX 3090 Ti,-obb.pt,yolov8n,4,320,batch_time,0.0033045731950551273
NVIDIA GeForce RTX 3090 Ti,-obb.pt,yolov8n,4,640,ave_time,0.002153893723152578
NVIDIA GeForce RTX 3090 Ti,-obb.pt,yolov8n,4,640,batch_time,0.008615574892610311
NVIDIA GeForce RTX 3090 Ti,-obb.pt,yolov8n,4,1088,ave_time,0.004658869450213388
NVIDIA GeForce RTX 3090 Ti,-obb.pt,yolov8n,4,1088,batch_time,0.01863547780085355
NVIDIA GeForce RTX 3090 Ti,-obb.pt,yolov8n,8,320,ave_time,0.0010083741741254925
NVIDIA GeForce RTX 3090 Ti,-obb.pt,yolov8n,8,320,batch_time,0.00806699339300394
NVIDIA GeForce RTX 3090 Ti,-obb.pt,yolov8n,8,640,ave_time,0.0020456276106415316
NVIDIA GeForce RTX 3090 Ti,-obb.pt,yolov8n,8,640,batch_time,0.016365020885132253
NVIDIA GeForce RTX 3090 Ti,-obb.pt,yolov8n,8,1088,ave_time,0.0045957364869536835
NVIDIA GeForce RTX 3090 Ti,-obb.pt,yolov8n,8,1088,batch_time,0.03676589189562947
NVIDIA GeForce RTX 3090 Ti,-obb.pt,yolov8n,12,320,ave_time,0.0005439922912046314
NVIDIA GeForce RTX 3090 Ti,-obb.pt,yolov8n,12,320,batch_time,0.006527907494455576
NVIDIA GeForce RTX 3090 Ti,-obb.pt,yolov8n,12,640,ave_time,0.002172950573731214
NVIDIA GeForce RTX 3090 Ti,-obb.pt,yolov8n,12,640,batch_time,0.026075406884774565
NVIDIA GeForce RTX 3090 Ti,-obb.pt,yolov8n,12,1088,ave_time,0.004494270234135911
NVIDIA GeForce RTX 3090 Ti,-obb.pt,yolov8n,12,1088,batch_time,0.05393124280963093
NVIDIA GeForce RTX 3090 Ti,-obb.pt,yolov8n,16,320,ave_time,0.0005148664000444114
NVIDIA GeForce RTX 3090 Ti,-obb.pt,yolov8n,16,320,batch_time,0.008237862400710583
NVIDIA GeForce RTX 3090 Ti,-obb.pt,yolov8n,16,640,ave_time,0.0019502062816172839
NVIDIA GeForce RTX 3090 Ti,-obb.pt,yolov8n,16,640,batch_time,0.031203300505876542
NVIDIA GeForce RTX 3090 Ti,-obb.pt,yolov8n,16,1088,ave_time,0.004676628005108796
NVIDIA GeForce RTX 3090 Ti,-obb.pt,yolov8n,16,1088,batch_time,0.07482604808174073
NVIDIA GeForce RTX 3090 Ti,-obb.pt,yolov8n,20,320,ave_time,0.0004994362452998757
NVIDIA GeForce RTX 3090 Ti,-obb.pt,yolov8n,20,320,batch_time,0.009988724905997514
NVIDIA GeForce RTX 3090 Ti,-obb.pt,yolov8n,20,640,ave_time,0.001958838334539905
NVIDIA GeForce RTX 3090 Ti,-obb.pt,yolov8n,20,640,batch_time,0.0391767666907981
NVIDIA GeForce RTX 3090 Ti,-obb.pt,yolov8n,20,1088,ave_time,0.004565045435447246
NVIDIA GeForce RTX 3090 Ti,-obb.pt,yolov8n,20,1088,batch_time,0.09130090870894492
NVIDIA GeForce RTX 3090 Ti,-obb.pt,yolov8s,1,320,ave_time,0.0024548600893467666
NVIDIA GeForce RTX 3090 Ti,-obb.pt,yolov8s,1,320,batch_time,0.0024548600893467666
NVIDIA GeForce RTX 3090 Ti,-obb.pt,yolov8s,1,640,ave_time,0.0036224866984412075
NVIDIA GeForce RTX 3090 Ti,-obb.pt,yolov8s,1,640,batch_time,0.0036224866984412075
NVIDIA GeForce RTX 3090 Ti,-obb.pt,yolov8s,1,1088,ave_time,0.008317816513590514
NVIDIA GeForce RTX 3090 Ti,-obb.pt,yolov8s,1,1088,batch_time,0.008317816513590514
NVIDIA GeForce RTX 3090 Ti,-obb.pt,yolov8s,2,320,ave_time,0.001531940943095833
NVIDIA GeForce RTX 3090 Ti,-obb.pt,yolov8s,2,320,batch_time,0.003063881886191666
NVIDIA GeForce RTX 3090 Ti,-obb.pt,yolov8s,2,640,ave_time,0.002859487198293209
NVIDIA GeForce RTX 3090 Ti,-obb.pt,yolov8s,2,640,batch_time,0.005718974396586418
NVIDIA GeForce RTX 3090 Ti,-obb.pt,yolov8s,2,1088,ave_time,0.0073817124590277675
NVIDIA GeForce RTX 3090 Ti,-obb.pt,yolov8s,2,1088,batch_time,0.014763424918055535
NVIDIA GeForce RTX 3090 Ti,-obb.pt,yolov8s,4,320,ave_time,0.0010162252990994602
NVIDIA GeForce RTX 3090 Ti,-obb.pt,yolov8s,4,320,batch_time,0.004064901196397841
NVIDIA GeForce RTX 3090 Ti,-obb.pt,yolov8s,4,640,ave_time,0.0024825376982335
NVIDIA GeForce RTX 3090 Ti,-obb.pt,yolov8s,4,640,batch_time,0.009930150792934
NVIDIA GeForce RTX 3090 Ti,-obb.pt,yolov8s,4,1088,ave_time,0.007065662974491715
NVIDIA GeForce RTX 3090 Ti,-obb.pt,yolov8s,4,1088,batch_time,0.02826265189796686
NVIDIA GeForce RTX 3090 Ti,-obb.pt,yolov8s,8,320,ave_time,0.0008289451739983633
NVIDIA GeForce RTX 3090 Ti,-obb.pt,yolov8s,8,320,batch_time,0.006631561391986907
NVIDIA GeForce RTX 3090 Ti,-obb.pt,yolov8s,8,640,ave_time,0.002370800275821239
NVIDIA GeForce RTX 3090 Ti,-obb.pt,yolov8s,8,640,batch_time,0.01896640220656991
NVIDIA GeForce RTX 3090 Ti,-obb.pt,yolov8s,8,1088,ave_time,0.006881727476138621
NVIDIA GeForce RTX 3090 Ti,-obb.pt,yolov8s,8,1088,batch_time,0.05505381980910897
NVIDIA GeForce RTX 3090 Ti,-obb.pt,yolov8s,12,320,ave_time,0.0007787773094605655
NVIDIA GeForce RTX 3090 Ti,-obb.pt,yolov8s,12,320,batch_time,0.009345327713526785
NVIDIA GeForce RTX 3090 Ti,-obb.pt,yolov8s,12,640,ave_time,0.002392838183247174
NVIDIA GeForce RTX 3090 Ti,-obb.pt,yolov8s,12,640,batch_time,0.028714058198966087
NVIDIA GeForce RTX 3090 Ti,-obb.pt,yolov8s,12,1088,ave_time,0.0065626927670867485
NVIDIA GeForce RTX 3090 Ti,-obb.pt,yolov8s,12,1088,batch_time,0.07875231320504099
NVIDIA GeForce RTX 3090 Ti,-obb.pt,yolov8s,16,320,ave_time,0.000732349201280158
NVIDIA GeForce RTX 3090 Ti,-obb.pt,yolov8s,16,320,batch_time,0.011717587220482528
NVIDIA GeForce RTX 3090 Ti,-obb.pt,yolov8s,16,640,ave_time,0.002342214142845478
NVIDIA GeForce RTX 3090 Ti,-obb.pt,yolov8s,16,640,batch_time,0.03747542628552765
NVIDIA GeForce RTX 3090 Ti,-obb.pt,yolov8s,16,1088,ave_time,0.006783136761805508
NVIDIA GeForce RTX 3090 Ti,-obb.pt,yolov8s,16,1088,batch_time,0.10853018818888813
NVIDIA GeForce RTX 3090 Ti,-obb.pt,yolov8s,20,320,ave_time,0.000737784740049392
NVIDIA GeForce RTX 3090 Ti,-obb.pt,yolov8s,20,320,batch_time,0.01475569480098784
NVIDIA GeForce RTX 3090 Ti,-obb.pt,yolov8s,20,640,ave_time,0.0023161359294317663
NVIDIA GeForce RTX 3090 Ti,-obb.pt,yolov8s,20,640,batch_time,0.04632271858863533
NVIDIA GeForce RTX 3090 Ti,-obb.pt,yolov8s,20,1088,ave_time,0.006662251489469781
NVIDIA GeForce RTX 3090 Ti,-obb.pt,yolov8s,20,1088,batch_time,0.13324502978939562
NVIDIA GeForce RTX 3090 Ti,-obb.pt,yolov8m,1,320,ave_time,0.0036170796025544404
NVIDIA GeForce RTX 3090 Ti,-obb.pt,yolov8m,1,320,batch_time,0.0036170796025544404
NVIDIA GeForce RTX 3090 Ti,-obb.pt,yolov8m,1,640,ave_time,0.006873030005954206
NVIDIA GeForce RTX 3090 Ti,-obb.pt,yolov8m,1,640,batch_time,0.006873030005954206
NVIDIA GeForce RTX 3090 Ti,-obb.pt,yolov8m,1,1088,ave_time,0.013433847995474934
NVIDIA GeForce RTX 3090 Ti,-obb.pt,yolov8m,1,1088,batch_time,0.013433847995474934
NVIDIA GeForce RTX 3090 Ti,-obb.pt,yolov8m,2,320,ave_time,0.0024094949010759594
NVIDIA GeForce RTX 3090 Ti,-obb.pt,yolov8m,2,320,batch_time,0.004818989802151919
NVIDIA GeForce RTX 3090 Ti,-obb.pt,yolov8m,2,640,ave_time,0.005425605247728527
NVIDIA GeForce RTX 3090 Ti,-obb.pt,yolov8m,2,640,batch_time,0.010851210495457054
NVIDIA GeForce RTX 3090 Ti,-obb.pt,yolov8m,2,1088,ave_time,0.013191256346181035
NVIDIA GeForce RTX 3090 Ti,-obb.pt,yolov8m,2,1088,batch_time,0.02638251269236207
NVIDIA GeForce RTX 3090 Ti,-obb.pt,yolov8m,4,320,ave_time,0.001641213649418205
NVIDIA GeForce RTX 3090 Ti,-obb.pt,yolov8m,4,320,batch_time,0.00656485459767282
NVIDIA GeForce RTX 3090 Ti,-obb.pt,yolov8m,4,640,ave_time,0.005030401877593249
NVIDIA GeForce RTX 3090 Ti,-obb.pt,yolov8m,4,640,batch_time,0.020121607510372997
NVIDIA GeForce RTX 3090 Ti,-obb.pt,yolov8m,4,1088,ave_time,0.01191779407672584
NVIDIA GeForce RTX 3090 Ti,-obb.pt,yolov8m,4,1088,batch_time,0.04767117630690336
NVIDIA GeForce RTX 3090 Ti,-obb.pt,yolov8m,8,320,ave_time,0.0013862182473530992
NVIDIA GeForce RTX 3090 Ti,-obb.pt,yolov8m,8,320,batch_time,0.011089745978824794
NVIDIA GeForce RTX 3090 Ti,-obb.pt,yolov8m,8,640,ave_time,0.004963381463312544
NVIDIA GeForce RTX 3090 Ti,-obb.pt,yolov8m,8,640,batch_time,0.03970705170650035
NVIDIA GeForce RTX 3090 Ti,-obb.pt,yolov8m,8,1088,ave_time,0.011695718599366956
NVIDIA GeForce RTX 3090 Ti,-obb.pt,yolov8m,8,1088,batch_time,0.09356574879493565
NVIDIA GeForce RTX 3090 Ti,-obb.pt,yolov8m,12,320,ave_time,0.0013721079584987214
NVIDIA GeForce RTX 3090 Ti,-obb.pt,yolov8m,12,320,batch_time,0.016465295501984657
NVIDIA GeForce RTX 3090 Ti,-obb.pt,yolov8m,12,640,ave_time,0.004848925782910859
NVIDIA GeForce RTX 3090 Ti,-obb.pt,yolov8m,12,640,batch_time,0.058187109394930304
NVIDIA GeForce RTX 3090 Ti,-obb.pt,yolov8m,12,1088,ave_time,0.01165767161680075
NVIDIA GeForce RTX 3090 Ti,-obb.pt,yolov8m,12,1088,batch_time,0.139892059401609
NVIDIA GeForce RTX 3090 Ti,-obb.pt,yolov8m,16,320,ave_time,0.0013112556247506292
NVIDIA GeForce RTX 3090 Ti,-obb.pt,yolov8m,16,320,batch_time,0.020980089996010066
NVIDIA GeForce RTX 3090 Ti,-obb.pt,yolov8m,16,640,ave_time,0.004878161087981425
NVIDIA GeForce RTX 3090 Ti,-obb.pt,yolov8m,16,640,batch_time,0.0780505774077028
NVIDIA GeForce RTX 3090 Ti,-obb.pt,yolov8m,16,1088,ave_time,0.011824379068275447
NVIDIA GeForce RTX 3090 Ti,-obb.pt,yolov8m,16,1088,batch_time,0.18919006509240716
NVIDIA GeForce RTX 3090 Ti,-obb.pt,yolov8m,20,320,ave_time,0.001299720845418051
NVIDIA GeForce RTX 3090 Ti,-obb.pt,yolov8m,20,320,batch_time,0.025994416908361018
NVIDIA GeForce RTX 3090 Ti,-obb.pt,yolov8m,20,640,ave_time,0.004649505139095709
NVIDIA GeForce RTX 3090 Ti,-obb.pt,yolov8m,20,640,batch_time,0.09299010278191418
NVIDIA GeForce RTX 3090 Ti,-obb.pt,yolov8m,20,1088,ave_time,0.011544738309457899
NVIDIA GeForce RTX 3090 Ti,-obb.pt,yolov8m,20,1088,batch_time,0.23089476618915797
NVIDIA GeForce RTX 3090 Ti,-obb.pt,yolov8l,1,320,ave_time,0.004657135508023202
NVIDIA GeForce RTX 3090 Ti,-obb.pt,yolov8l,1,320,batch_time,0.004657135508023202
NVIDIA GeForce RTX 3090 Ti,-obb.pt,yolov8l,1,640,ave_time,0.009175813500769436
NVIDIA GeForce RTX 3090 Ti,-obb.pt,yolov8l,1,640,batch_time,0.009175813500769436
NVIDIA GeForce RTX 3090 Ti,-obb.pt,yolov8l,1,1088,ave_time,0.02181184119544923
NVIDIA GeForce RTX 3090 Ti,-obb.pt,yolov8l,1,1088,batch_time,0.02181184119544923
NVIDIA GeForce RTX 3090 Ti,-obb.pt,yolov8l,2,320,ave_time,0.0032973040011711418
NVIDIA GeForce RTX 3090 Ti,-obb.pt,yolov8l,2,320,batch_time,0.0065946080023422836
NVIDIA GeForce RTX 3090 Ti,-obb.pt,yolov8l,2,640,ave_time,0.007928798254579306
NVIDIA GeForce RTX 3090 Ti,-obb.pt,yolov8l,2,640,batch_time,0.015857596509158613
NVIDIA GeForce RTX 3090 Ti,-obb.pt,yolov8l,2,1088,ave_time,0.020728965941816568
NVIDIA GeForce RTX 3090 Ti,-obb.pt,yolov8l,2,1088,batch_time,0.041457931883633135
NVIDIA GeForce RTX 3090 Ti,-obb.pt,yolov8l,4,320,ave_time,0.0021652764757163824
NVIDIA GeForce RTX 3090 Ti,-obb.pt,yolov8l,4,320,batch_time,0.00866110590286553
NVIDIA GeForce RTX 3090 Ti,-obb.pt,yolov8l,4,640,ave_time,0.007159209327073768
NVIDIA GeForce RTX 3090 Ti,-obb.pt,yolov8l,4,640,batch_time,0.028636837308295072
NVIDIA GeForce RTX 3090 Ti,-obb.pt,yolov8l,4,1088,ave_time,0.018706694449065253
NVIDIA GeForce RTX 3090 Ti,-obb.pt,yolov8l,4,1088,batch_time,0.07482677779626101
NVIDIA GeForce RTX 3090 Ti,-obb.pt,yolov8l,8,320,ave_time,0.00197382447659038
NVIDIA GeForce RTX 3090 Ti,-obb.pt,yolov8l,8,320,batch_time,0.01579059581272304
NVIDIA GeForce RTX 3090 Ti,-obb.pt,yolov8l,8,640,ave_time,0.006999416698818095
NVIDIA GeForce RTX 3090 Ti,-obb.pt,yolov8l,8,640,batch_time,0.05599533359054476
NVIDIA GeForce RTX 3090 Ti,-obb.pt,yolov8l,8,1088,ave_time,0.017847288426128215
NVIDIA GeForce RTX 3090 Ti,-obb.pt,yolov8l,8,1088,batch_time,0.14277830740902572
NVIDIA GeForce RTX 3090 Ti,-obb.pt,yolov8l,12,320,ave_time,0.0020911323740923156
NVIDIA GeForce RTX 3090 Ti,-obb.pt,yolov8l,12,320,batch_time,0.02509358848910779
NVIDIA GeForce RTX 3090 Ti,-obb.pt,yolov8l,12,640,ave_time,0.006806546659208834
NVIDIA GeForce RTX 3090 Ti,-obb.pt,yolov8l,12,640,batch_time,0.08167855991050602
NVIDIA GeForce RTX 3090 Ti,-obb.pt,yolov8l,12,1088,ave_time,0.01732716876625394
NVIDIA GeForce RTX 3090 Ti,-obb.pt,yolov8l,12,1088,batch_time,0.20792602519504727
NVIDIA GeForce RTX 3090 Ti,-obb.pt,yolov8l,16,320,ave_time,0.001943883149942849
NVIDIA GeForce RTX 3090 Ti,-obb.pt,yolov8l,16,320,batch_time,0.031102130399085583
NVIDIA GeForce RTX 3090 Ti,-obb.pt,yolov8l,16,640,ave_time,0.006819881893170532
NVIDIA GeForce RTX 3090 Ti,-obb.pt,yolov8l,16,640,batch_time,0.10911811029072851
NVIDIA GeForce RTX 3090 Ti,-obb.pt,yolov8l,16,1088,ave_time,0.017805894000048283
NVIDIA GeForce RTX 3090 Ti,-obb.pt,yolov8l,16,1088,batch_time,0.28489430400077254
NVIDIA GeForce RTX 3090 Ti,-obb.pt,yolov8l,20,320,ave_time,0.00191015301970765
NVIDIA GeForce RTX 3090 Ti,-obb.pt,yolov8l,20,320,batch_time,0.038203060394153
NVIDIA GeForce RTX 3090 Ti,-obb.pt,yolov8l,20,640,ave_time,0.006789311629254372
NVIDIA GeForce RTX 3090 Ti,-obb.pt,yolov8l,20,640,batch_time,0.13578623258508743
NVIDIA GeForce RTX 3090 Ti,-obb.pt,yolov8l,20,1088,ave_time,0.017757150440011173
NVIDIA GeForce RTX 3090 Ti,-obb.pt,yolov8l,20,1088,batch_time,0.3551430088002235
NVIDIA GeForce RTX 3090 Ti,-obb.pt,yolov8x,1,320,ave_time,0.006497900397516787
NVIDIA GeForce RTX 3090 Ti,-obb.pt,yolov8x,1,320,batch_time,0.006497900397516787
NVIDIA GeForce RTX 3090 Ti,-obb.pt,yolov8x,1,640,ave_time,0.014704435388557613
NVIDIA GeForce RTX 3090 Ti,-obb.pt,yolov8x,1,640,batch_time,0.014704435388557613
NVIDIA GeForce RTX 3090 Ti,-obb.pt,yolov8x,1,1088,ave_time,0.034299458679743114
NVIDIA GeForce RTX 3090 Ti,-obb.pt,yolov8x,1,1088,batch_time,0.034299458679743114
NVIDIA GeForce RTX 3090 Ti,-obb.pt,yolov8x,2,320,ave_time,0.004830334451980889
NVIDIA GeForce RTX 3090 Ti,-obb.pt,yolov8x,2,320,batch_time,0.009660668903961778
NVIDIA GeForce RTX 3090 Ti,-obb.pt,yolov8x,2,640,ave_time,0.012528789753559977
NVIDIA GeForce RTX 3090 Ti,-obb.pt,yolov8x,2,640,batch_time,0.025057579507119954
NVIDIA GeForce RTX 3090 Ti,-obb.pt,yolov8x,2,1088,ave_time,0.030711521592456846
NVIDIA GeForce RTX 3090 Ti,-obb.pt,yolov8x,2,1088,batch_time,0.06142304318491369
NVIDIA GeForce RTX 3090 Ti,-obb.pt,yolov8x,4,320,ave_time,0.00392925352207385
NVIDIA GeForce RTX 3090 Ti,-obb.pt,yolov8x,4,320,batch_time,0.0157170140882954
NVIDIA GeForce RTX 3090 Ti,-obb.pt,yolov8x,4,640,ave_time,0.011796671198680997
NVIDIA GeForce RTX 3090 Ti,-obb.pt,yolov8x,4,640,batch_time,0.04718668479472399
NVIDIA GeForce RTX 3090 Ti,-obb.pt,yolov8x,4,1088,ave_time,0.03246806152747013
NVIDIA GeForce RTX 3090 Ti,-obb.pt,yolov8x,4,1088,batch_time,0.12987224610988052
NVIDIA GeForce RTX 3090 Ti,-obb.pt,yolov8x,8,320,ave_time,0.0035907337500248105
NVIDIA GeForce RTX 3090 Ti,-obb.pt,yolov8x,8,320,batch_time,0.028725870000198484
NVIDIA GeForce RTX 3090 Ti,-obb.pt,yolov8x,8,640,ave_time,0.01164415393723175
NVIDIA GeForce RTX 3090 Ti,-obb.pt,yolov8x,8,640,batch_time,0.093153231497854
NVIDIA GeForce RTX 3090 Ti,-obb.pt,yolov8x,8,1088,ave_time,0.031595421585370785
NVIDIA GeForce RTX 3090 Ti,-obb.pt,yolov8x,8,1088,batch_time,0.2527633726829663
NVIDIA GeForce RTX 3090 Ti,-obb.pt,yolov8x,12,320,ave_time,0.0037519783421885223
NVIDIA GeForce RTX 3090 Ti,-obb.pt,yolov8x,12,320,batch_time,0.04502374010626227
NVIDIA GeForce RTX 3090 Ti,-obb.pt,yolov8x,12,640,ave_time,0.011247696273494511
NVIDIA GeForce RTX 3090 Ti,-obb.pt,yolov8x,12,640,batch_time,0.13497235528193413
NVIDIA GeForce RTX 3090 Ti,-obb.pt,yolov8x,12,1088,ave_time,0.02820676700018036
NVIDIA GeForce RTX 3090 Ti,-obb.pt,yolov8x,12,1088,batch_time,0.3384812040021643
NVIDIA GeForce RTX 3090 Ti,-obb.pt,yolov8x,16,320,ave_time,0.0035525044877431355
NVIDIA GeForce RTX 3090 Ti,-obb.pt,yolov8x,16,320,batch_time,0.05684007180389017
NVIDIA GeForce RTX 3090 Ti,-obb.pt,yolov8x,16,640,ave_time,0.010570793467923067
NVIDIA GeForce RTX 3090 Ti,-obb.pt,yolov8x,16,640,batch_time,0.16913269548676907
NVIDIA GeForce RTX 3090 Ti,-obb.pt,yolov8x,16,1088,ave_time,0.0285004123186809
NVIDIA GeForce RTX 3090 Ti,-obb.pt,yolov8x,16,1088,batch_time,0.4560065970988944
NVIDIA GeForce RTX 3090 Ti,-obb.pt,yolov8x,20,320,ave_time,0.0034858490608166903
NVIDIA GeForce RTX 3090 Ti,-obb.pt,yolov8x,20,320,batch_time,0.06971698121633381
NVIDIA GeForce RTX 3090 Ti,-obb.pt,yolov8x,20,640,ave_time,0.010439585405401885
NVIDIA GeForce RTX 3090 Ti,-obb.pt,yolov8x,20,640,batch_time,0.2087917081080377
NVIDIA GeForce RTX 3090 Ti,-obb.pt,yolov8x,20,1088,ave_time,0.02879251222475432
NVIDIA GeForce RTX 3090 Ti,-obb.pt,yolov8x,20,1088,batch_time,0.5758502444950864
